--------------------------------------------------------
--  Arquivo criado - sábado-junho-28-2025   
--------------------------------------------------------
--------------------------------------------------------
--  DDL for Table BAIRRO
--------------------------------------------------------

  CREATE TABLE "PAULO"."BAIRRO" 
   (	"COD_BAIRRO" NUMBER, 
	"BAIRRO" VARCHAR2(100 BYTE), 
	"FK_COD_CIDADE" NUMBER
   ) SEGMENT CREATION IMMEDIATE 
  PCTFREE 10 PCTUSED 40 INITRANS 1 MAXTRANS 255 
 NOCOMPRESS LOGGING
  STORAGE(INITIAL 65536 NEXT 1048576 MINEXTENTS 1 MAXEXTENTS 2147483645
  PCTINCREASE 0 FREELISTS 1 FREELIST GROUPS 1
  BUFFER_POOL DEFAULT FLASH_CACHE DEFAULT CELL_FLASH_CACHE DEFAULT)
  TABLESPACE "USERS" ;
--------------------------------------------------------
--  DDL for Table CEP
--------------------------------------------------------

  CREATE TABLE "PAULO"."CEP" 
   (	"COD_CEP" NUMBER, 
	"CEP" CHAR(9 BYTE), 
	"FK_COD_BAIRRO" NUMBER
   ) SEGMENT CREATION IMMEDIATE 
  PCTFREE 10 PCTUSED 40 INITRANS 1 MAXTRANS 255 
 NOCOMPRESS LOGGING
  STORAGE(INITIAL 65536 NEXT 1048576 MINEXTENTS 1 MAXEXTENTS 2147483645
  PCTINCREASE 0 FREELISTS 1 FREELIST GROUPS 1
  BUFFER_POOL DEFAULT FLASH_CACHE DEFAULT CELL_FLASH_CACHE DEFAULT)
  TABLESPACE "USERS" ;
--------------------------------------------------------
--  DDL for Table CIDADE
--------------------------------------------------------

  CREATE TABLE "PAULO"."CIDADE" 
   (	"COD_CIDADE" NUMBER, 
	"CIDADE" VARCHAR2(50 BYTE), 
	"FK_COD_ESTADO" NUMBER
   ) SEGMENT CREATION IMMEDIATE 
  PCTFREE 10 PCTUSED 40 INITRANS 1 MAXTRANS 255 
 NOCOMPRESS LOGGING
  STORAGE(INITIAL 65536 NEXT 1048576 MINEXTENTS 1 MAXEXTENTS 2147483645
  PCTINCREASE 0 FREELISTS 1 FREELIST GROUPS 1
  BUFFER_POOL DEFAULT FLASH_CACHE DEFAULT CELL_FLASH_CACHE DEFAULT)
  TABLESPACE "USERS" ;
--------------------------------------------------------
--  DDL for Table CLIENTE
--------------------------------------------------------

  CREATE TABLE "PAULO"."CLIENTE" 
   (	"COD_CLIENTE" NUMBER, 
	"LIMITE_CREDITO" NUMBER(10,2), 
	"FK_COD_PJ" NUMBER
   ) SEGMENT CREATION IMMEDIATE 
  PCTFREE 10 PCTUSED 40 INITRANS 1 MAXTRANS 255 
 NOCOMPRESS LOGGING
  STORAGE(INITIAL 65536 NEXT 1048576 MINEXTENTS 1 MAXEXTENTS 2147483645
  PCTINCREASE 0 FREELISTS 1 FREELIST GROUPS 1
  BUFFER_POOL DEFAULT FLASH_CACHE DEFAULT CELL_FLASH_CACHE DEFAULT)
  TABLESPACE "USERS" ;
--------------------------------------------------------
--  DDL for Table EMAIL
--------------------------------------------------------

  CREATE TABLE "PAULO"."EMAIL" 
   (	"COD_EMAIL" NUMBER, 
	"EMAIL" VARCHAR2(100 BYTE), 
	"FK_COD_PJ" NUMBER
   ) SEGMENT CREATION IMMEDIATE 
  PCTFREE 10 PCTUSED 40 INITRANS 1 MAXTRANS 255 
 NOCOMPRESS LOGGING
  STORAGE(INITIAL 65536 NEXT 1048576 MINEXTENTS 1 MAXEXTENTS 2147483645
  PCTINCREASE 0 FREELISTS 1 FREELIST GROUPS 1
  BUFFER_POOL DEFAULT FLASH_CACHE DEFAULT CELL_FLASH_CACHE DEFAULT)
  TABLESPACE "USERS" ;
--------------------------------------------------------
--  DDL for Table ENDERECO
--------------------------------------------------------

  CREATE TABLE "PAULO"."ENDERECO" 
   (	"COD_ENDERECO" NUMBER, 
	"LOG" VARCHAR2(50 BYTE), 
	"DS_LOG" VARCHAR2(255 BYTE), 
	"NR_LOG" NUMBER, 
	"COMPLEMENTO" VARCHAR2(100 BYTE), 
	"FK_COD_CEP" NUMBER, 
	"FK_COD_TIPO_END" NUMBER
   ) SEGMENT CREATION IMMEDIATE 
  PCTFREE 10 PCTUSED 40 INITRANS 1 MAXTRANS 255 
 NOCOMPRESS LOGGING
  STORAGE(INITIAL 65536 NEXT 1048576 MINEXTENTS 1 MAXEXTENTS 2147483645
  PCTINCREASE 0 FREELISTS 1 FREELIST GROUPS 1
  BUFFER_POOL DEFAULT FLASH_CACHE DEFAULT CELL_FLASH_CACHE DEFAULT)
  TABLESPACE "USERS" ;
--------------------------------------------------------
--  DDL for Table ESTADO
--------------------------------------------------------

  CREATE TABLE "PAULO"."ESTADO" 
   (	"COD_ESTADO" NUMBER, 
	"ESTADO" CHAR(2 BYTE)
   ) SEGMENT CREATION IMMEDIATE 
  PCTFREE 10 PCTUSED 40 INITRANS 1 MAXTRANS 255 
 NOCOMPRESS LOGGING
  STORAGE(INITIAL 65536 NEXT 1048576 MINEXTENTS 1 MAXEXTENTS 2147483645
  PCTINCREASE 0 FREELISTS 1 FREELIST GROUPS 1
  BUFFER_POOL DEFAULT FLASH_CACHE DEFAULT CELL_FLASH_CACHE DEFAULT)
  TABLESPACE "USERS" ;
--------------------------------------------------------
--  DDL for Table FORMA_PAGAMENTO
--------------------------------------------------------

  CREATE TABLE "PAULO"."FORMA_PAGAMENTO" 
   (	"COD_FORMA_PGTO" NUMBER, 
	"DS_FORMA" VARCHAR2(15 BYTE)
   ) SEGMENT CREATION IMMEDIATE 
  PCTFREE 10 PCTUSED 40 INITRANS 1 MAXTRANS 255 
 NOCOMPRESS LOGGING
  STORAGE(INITIAL 65536 NEXT 1048576 MINEXTENTS 1 MAXEXTENTS 2147483645
  PCTINCREASE 0 FREELISTS 1 FREELIST GROUPS 1
  BUFFER_POOL DEFAULT FLASH_CACHE DEFAULT CELL_FLASH_CACHE DEFAULT)
  TABLESPACE "USERS" ;
--------------------------------------------------------
--  DDL for Table FORNECEDOR
--------------------------------------------------------

  CREATE TABLE "PAULO"."FORNECEDOR" 
   (	"COD_FORNECEDOR" NUMBER, 
	"FK_COD_PJ" NUMBER
   ) SEGMENT CREATION IMMEDIATE 
  PCTFREE 10 PCTUSED 40 INITRANS 1 MAXTRANS 255 
 NOCOMPRESS LOGGING
  STORAGE(INITIAL 65536 NEXT 1048576 MINEXTENTS 1 MAXEXTENTS 2147483645
  PCTINCREASE 0 FREELISTS 1 FREELIST GROUPS 1
  BUFFER_POOL DEFAULT FLASH_CACHE DEFAULT CELL_FLASH_CACHE DEFAULT)
  TABLESPACE "USERS" ;
--------------------------------------------------------
--  DDL for Table FUNCIONARIO
--------------------------------------------------------

  CREATE TABLE "PAULO"."FUNCIONARIO" 
   (	"COD_FUNCIONARIO" NUMBER, 
	"FK_COD_PF" NUMBER, 
	"CARGO" VARCHAR2(50 BYTE), 
	"SALARIO" NUMBER(10,2), 
	"DEPARTAMENTO" VARCHAR2(50 BYTE)
   ) SEGMENT CREATION IMMEDIATE 
  PCTFREE 10 PCTUSED 40 INITRANS 1 MAXTRANS 255 
 NOCOMPRESS LOGGING
  STORAGE(INITIAL 65536 NEXT 1048576 MINEXTENTS 1 MAXEXTENTS 2147483645
  PCTINCREASE 0 FREELISTS 1 FREELIST GROUPS 1
  BUFFER_POOL DEFAULT FLASH_CACHE DEFAULT CELL_FLASH_CACHE DEFAULT)
  TABLESPACE "USERS" ;
--------------------------------------------------------
--  DDL for Table MATERIA_PRIMA
--------------------------------------------------------

  CREATE TABLE "PAULO"."MATERIA_PRIMA" 
   (	"COD_MATERIA_PRIMA" NUMBER DEFAULT "PAULO"."SEQ_MATERIA_PRIMA"."NEXTVAL", 
	"DS_MATERIA" VARCHAR2(100 BYTE), 
	"QTD_NECESSARIA" NUMBER(5,2), 
	"FK_COD_TIPO_MEDIDA" NUMBER
   ) SEGMENT CREATION IMMEDIATE 
  PCTFREE 10 PCTUSED 40 INITRANS 1 MAXTRANS 255 
 NOCOMPRESS LOGGING
  STORAGE(INITIAL 65536 NEXT 1048576 MINEXTENTS 1 MAXEXTENTS 2147483645
  PCTINCREASE 0 FREELISTS 1 FREELIST GROUPS 1
  BUFFER_POOL DEFAULT FLASH_CACHE DEFAULT CELL_FLASH_CACHE DEFAULT)
  TABLESPACE "USERS" ;
--------------------------------------------------------
--  DDL for Table PAGAMENTO
--------------------------------------------------------

  CREATE TABLE "PAULO"."PAGAMENTO" 
   (	"COD_PAGAMENTO" NUMBER, 
	"DT_PAGAMENTO" DATE, 
	"DT_VENCIMENTO" DATE, 
	"VALOR_TOTAL" NUMBER(10,2), 
	"FK_COD_PEDIDO" NUMBER, 
	"FK_COD_FORMA_PGTO" NUMBER
   ) SEGMENT CREATION IMMEDIATE 
  PCTFREE 10 PCTUSED 40 INITRANS 1 MAXTRANS 255 
 NOCOMPRESS LOGGING
  STORAGE(INITIAL 65536 NEXT 1048576 MINEXTENTS 1 MAXEXTENTS 2147483645
  PCTINCREASE 0 FREELISTS 1 FREELIST GROUPS 1
  BUFFER_POOL DEFAULT FLASH_CACHE DEFAULT CELL_FLASH_CACHE DEFAULT)
  TABLESPACE "USERS" ;
--------------------------------------------------------
--  DDL for Table PAGAMENTO_TIPO_PAGAMENTO
--------------------------------------------------------

  CREATE TABLE "PAULO"."PAGAMENTO_TIPO_PAGAMENTO" 
   (	"FK_COD_PAGAMENTO" NUMBER, 
	"FK_COD_TIPO_PAGAMENTO" NUMBER
   ) SEGMENT CREATION IMMEDIATE 
  PCTFREE 10 PCTUSED 40 INITRANS 1 MAXTRANS 255 
 NOCOMPRESS LOGGING
  STORAGE(INITIAL 65536 NEXT 1048576 MINEXTENTS 1 MAXEXTENTS 2147483645
  PCTINCREASE 0 FREELISTS 1 FREELIST GROUPS 1
  BUFFER_POOL DEFAULT FLASH_CACHE DEFAULT CELL_FLASH_CACHE DEFAULT)
  TABLESPACE "USERS" ;
--------------------------------------------------------
--  DDL for Table PECA
--------------------------------------------------------

  CREATE TABLE "PAULO"."PECA" 
   (	"COD_PECA" NUMBER, 
	"NOME_PECA" VARCHAR2(50 BYTE), 
	"VLR_PECA" NUMBER(10,2), 
	"DS_PECA" VARCHAR2(100 BYTE), 
	"COR_PECA" VARCHAR2(15 BYTE), 
	"TAMANHO" CHAR(1 BYTE), 
	"DT_FABRICACAO" DATE, 
	"PRAZO_PROD_DIAS" NUMBER
   ) SEGMENT CREATION IMMEDIATE 
  PCTFREE 10 PCTUSED 40 INITRANS 1 MAXTRANS 255 
 NOCOMPRESS LOGGING
  STORAGE(INITIAL 65536 NEXT 1048576 MINEXTENTS 1 MAXEXTENTS 2147483645
  PCTINCREASE 0 FREELISTS 1 FREELIST GROUPS 1
  BUFFER_POOL DEFAULT FLASH_CACHE DEFAULT CELL_FLASH_CACHE DEFAULT)
  TABLESPACE "USERS" ;
--------------------------------------------------------
--  DDL for Table PECA_MATERIA_PRIMA
--------------------------------------------------------

  CREATE TABLE "PAULO"."PECA_MATERIA_PRIMA" 
   (	"FK_COD_PECA" NUMBER, 
	"FK_COD_MATERIA_PRIMA" NUMBER
   ) SEGMENT CREATION DEFERRED 
  PCTFREE 10 PCTUSED 40 INITRANS 1 MAXTRANS 255 
 NOCOMPRESS LOGGING
  TABLESPACE "USERS" ;
--------------------------------------------------------
--  DDL for Table PEDIDO
--------------------------------------------------------

  CREATE TABLE "PAULO"."PEDIDO" 
   (	"COD_PEDIDO" NUMBER, 
	"DT_PEDIDO" DATE, 
	"QTD_PECA" NUMBER, 
	"FK_COD_VENDEDOR" NUMBER, 
	"FK_COD_CLIENTE" NUMBER, 
	"FK_COD_TRANSPORTADORA" NUMBER
   ) SEGMENT CREATION IMMEDIATE 
  PCTFREE 10 PCTUSED 40 INITRANS 1 MAXTRANS 255 
 NOCOMPRESS LOGGING
  STORAGE(INITIAL 65536 NEXT 1048576 MINEXTENTS 1 MAXEXTENTS 2147483645
  PCTINCREASE 0 FREELISTS 1 FREELIST GROUPS 1
  BUFFER_POOL DEFAULT FLASH_CACHE DEFAULT CELL_FLASH_CACHE DEFAULT)
  TABLESPACE "USERS" ;
--------------------------------------------------------
--  DDL for Table PEDIDO_PECA
--------------------------------------------------------

  CREATE TABLE "PAULO"."PEDIDO_PECA" 
   (	"FK_COD_PEDIDO" NUMBER, 
	"FK_COD_PECA" NUMBER
   ) SEGMENT CREATION DEFERRED 
  PCTFREE 10 PCTUSED 40 INITRANS 1 MAXTRANS 255 
 NOCOMPRESS LOGGING
  TABLESPACE "USERS" ;
--------------------------------------------------------
--  DDL for Table PESSOA
--------------------------------------------------------

  CREATE TABLE "PAULO"."PESSOA" 
   (	"COD_PESSOA" NUMBER, 
	"NOME_RAZAO_SOCIAL" VARCHAR2(100 BYTE)
   ) SEGMENT CREATION IMMEDIATE 
  PCTFREE 10 PCTUSED 40 INITRANS 1 MAXTRANS 255 
 NOCOMPRESS LOGGING
  STORAGE(INITIAL 65536 NEXT 1048576 MINEXTENTS 1 MAXEXTENTS 2147483645
  PCTINCREASE 0 FREELISTS 1 FREELIST GROUPS 1
  BUFFER_POOL DEFAULT FLASH_CACHE DEFAULT CELL_FLASH_CACHE DEFAULT)
  TABLESPACE "USERS" ;
--------------------------------------------------------
--  DDL for Table PESSOA_EMAIL
--------------------------------------------------------

  CREATE TABLE "PAULO"."PESSOA_EMAIL" 
   (	"FK_COD_PESSOA" NUMBER, 
	"FK_COD_EMAIL" NUMBER
   ) SEGMENT CREATION IMMEDIATE 
  PCTFREE 10 PCTUSED 40 INITRANS 1 MAXTRANS 255 
 NOCOMPRESS LOGGING
  STORAGE(INITIAL 65536 NEXT 1048576 MINEXTENTS 1 MAXEXTENTS 2147483645
  PCTINCREASE 0 FREELISTS 1 FREELIST GROUPS 1
  BUFFER_POOL DEFAULT FLASH_CACHE DEFAULT CELL_FLASH_CACHE DEFAULT)
  TABLESPACE "USERS" ;
--------------------------------------------------------
--  DDL for Table PESSOA_ENDERECO
--------------------------------------------------------

  CREATE TABLE "PAULO"."PESSOA_ENDERECO" 
   (	"FK_COD_PESSOA" NUMBER, 
	"FK_COD_ENDERECO" NUMBER
   ) SEGMENT CREATION IMMEDIATE 
  PCTFREE 10 PCTUSED 40 INITRANS 1 MAXTRANS 255 
 NOCOMPRESS LOGGING
  STORAGE(INITIAL 65536 NEXT 1048576 MINEXTENTS 1 MAXEXTENTS 2147483645
  PCTINCREASE 0 FREELISTS 1 FREELIST GROUPS 1
  BUFFER_POOL DEFAULT FLASH_CACHE DEFAULT CELL_FLASH_CACHE DEFAULT)
  TABLESPACE "USERS" ;
--------------------------------------------------------
--  DDL for Table PESSOA_FISICA
--------------------------------------------------------

  CREATE TABLE "PAULO"."PESSOA_FISICA" 
   (	"COD_PF" NUMBER, 
	"CPF" CHAR(14 BYTE), 
	"SEXO" CHAR(1 BYTE), 
	"DT_NASC" DATE, 
	"ESTADO_CIVIL" VARCHAR2(15 BYTE), 
	"FK_COD_PESSOA" NUMBER
   ) SEGMENT CREATION IMMEDIATE 
  PCTFREE 10 PCTUSED 40 INITRANS 1 MAXTRANS 255 
 NOCOMPRESS LOGGING
  STORAGE(INITIAL 65536 NEXT 1048576 MINEXTENTS 1 MAXEXTENTS 2147483645
  PCTINCREASE 0 FREELISTS 1 FREELIST GROUPS 1
  BUFFER_POOL DEFAULT FLASH_CACHE DEFAULT CELL_FLASH_CACHE DEFAULT)
  TABLESPACE "USERS" ;
--------------------------------------------------------
--  DDL for Table PESSOA_JURIDICA
--------------------------------------------------------

  CREATE TABLE "PAULO"."PESSOA_JURIDICA" 
   (	"COD_PJ" NUMBER, 
	"CNPJ" CHAR(18 BYTE), 
	"FK_COD_PESSOA" NUMBER
   ) SEGMENT CREATION IMMEDIATE 
  PCTFREE 10 PCTUSED 40 INITRANS 1 MAXTRANS 255 
 NOCOMPRESS LOGGING
  STORAGE(INITIAL 65536 NEXT 1048576 MINEXTENTS 1 MAXEXTENTS 2147483645
  PCTINCREASE 0 FREELISTS 1 FREELIST GROUPS 1
  BUFFER_POOL DEFAULT FLASH_CACHE DEFAULT CELL_FLASH_CACHE DEFAULT)
  TABLESPACE "USERS" ;
--------------------------------------------------------
--  DDL for Table PESSOA_TELEFONE
--------------------------------------------------------

  CREATE TABLE "PAULO"."PESSOA_TELEFONE" 
   (	"FK_COD_PESSOA" NUMBER, 
	"FK_COD_TELEFONE" NUMBER
   ) SEGMENT CREATION IMMEDIATE 
  PCTFREE 10 PCTUSED 40 INITRANS 1 MAXTRANS 255 
 NOCOMPRESS LOGGING
  STORAGE(INITIAL 65536 NEXT 1048576 MINEXTENTS 1 MAXEXTENTS 2147483645
  PCTINCREASE 0 FREELISTS 1 FREELIST GROUPS 1
  BUFFER_POOL DEFAULT FLASH_CACHE DEFAULT CELL_FLASH_CACHE DEFAULT)
  TABLESPACE "USERS" ;
--------------------------------------------------------
--  DDL for Table TELEFONE
--------------------------------------------------------

  CREATE TABLE "PAULO"."TELEFONE" 
   (	"COD_TEL" NUMBER, 
	"DDD" NUMBER, 
	"PREFIXO_SUFIXO" VARCHAR2(10 BYTE), 
	"FK_COD_TIPO_TEL" NUMBER
   ) SEGMENT CREATION IMMEDIATE 
  PCTFREE 10 PCTUSED 40 INITRANS 1 MAXTRANS 255 
 NOCOMPRESS LOGGING
  STORAGE(INITIAL 65536 NEXT 1048576 MINEXTENTS 1 MAXEXTENTS 2147483645
  PCTINCREASE 0 FREELISTS 1 FREELIST GROUPS 1
  BUFFER_POOL DEFAULT FLASH_CACHE DEFAULT CELL_FLASH_CACHE DEFAULT)
  TABLESPACE "USERS" ;
--------------------------------------------------------
--  DDL for Table TIPO_DE_MEDIDA
--------------------------------------------------------

  CREATE TABLE "PAULO"."TIPO_DE_MEDIDA" 
   (	"COD_TIPO_MEDIDA" NUMBER DEFAULT "PAULO"."SEQ_TIPO_MEDIDA"."NEXTVAL", 
	"DS_MEDIDA" VARCHAR2(10 BYTE)
   ) SEGMENT CREATION IMMEDIATE 
  PCTFREE 10 PCTUSED 40 INITRANS 1 MAXTRANS 255 
 NOCOMPRESS LOGGING
  STORAGE(INITIAL 65536 NEXT 1048576 MINEXTENTS 1 MAXEXTENTS 2147483645
  PCTINCREASE 0 FREELISTS 1 FREELIST GROUPS 1
  BUFFER_POOL DEFAULT FLASH_CACHE DEFAULT CELL_FLASH_CACHE DEFAULT)
  TABLESPACE "USERS" ;
--------------------------------------------------------
--  DDL for Table TIPO_ENDERECO
--------------------------------------------------------

  CREATE TABLE "PAULO"."TIPO_ENDERECO" 
   (	"COD_TIPO_END" NUMBER, 
	"DS_END" VARCHAR2(15 BYTE)
   ) SEGMENT CREATION IMMEDIATE 
  PCTFREE 10 PCTUSED 40 INITRANS 1 MAXTRANS 255 
 NOCOMPRESS LOGGING
  STORAGE(INITIAL 65536 NEXT 1048576 MINEXTENTS 1 MAXEXTENTS 2147483645
  PCTINCREASE 0 FREELISTS 1 FREELIST GROUPS 1
  BUFFER_POOL DEFAULT FLASH_CACHE DEFAULT CELL_FLASH_CACHE DEFAULT)
  TABLESPACE "USERS" ;
--------------------------------------------------------
--  DDL for Table TIPO_PAGAMENTO
--------------------------------------------------------

  CREATE TABLE "PAULO"."TIPO_PAGAMENTO" 
   (	"COD_TIPO_PGTO" NUMBER, 
	"DS_TIPO_PGTO" VARCHAR2(15 BYTE), 
	"JUROS_DESCONTO" NUMBER(4,2)
   ) SEGMENT CREATION IMMEDIATE 
  PCTFREE 10 PCTUSED 40 INITRANS 1 MAXTRANS 255 
 NOCOMPRESS LOGGING
  STORAGE(INITIAL 65536 NEXT 1048576 MINEXTENTS 1 MAXEXTENTS 2147483645
  PCTINCREASE 0 FREELISTS 1 FREELIST GROUPS 1
  BUFFER_POOL DEFAULT FLASH_CACHE DEFAULT CELL_FLASH_CACHE DEFAULT)
  TABLESPACE "USERS" ;
--------------------------------------------------------
--  DDL for Table TIPO_TELEFONE
--------------------------------------------------------

  CREATE TABLE "PAULO"."TIPO_TELEFONE" 
   (	"COD_TIPO_TEL" NUMBER, 
	"DS_TEL" VARCHAR2(10 BYTE)
   ) SEGMENT CREATION IMMEDIATE 
  PCTFREE 10 PCTUSED 40 INITRANS 1 MAXTRANS 255 
 NOCOMPRESS LOGGING
  STORAGE(INITIAL 65536 NEXT 1048576 MINEXTENTS 1 MAXEXTENTS 2147483645
  PCTINCREASE 0 FREELISTS 1 FREELIST GROUPS 1
  BUFFER_POOL DEFAULT FLASH_CACHE DEFAULT CELL_FLASH_CACHE DEFAULT)
  TABLESPACE "USERS" ;
--------------------------------------------------------
--  DDL for Table TRANSPORTADORA
--------------------------------------------------------

  CREATE TABLE "PAULO"."TRANSPORTADORA" 
   (	"COD_TRANSPORTADORA" NUMBER, 
	"FK_COD_PJ" NUMBER
   ) SEGMENT CREATION IMMEDIATE 
  PCTFREE 10 PCTUSED 40 INITRANS 1 MAXTRANS 255 
 NOCOMPRESS LOGGING
  STORAGE(INITIAL 65536 NEXT 1048576 MINEXTENTS 1 MAXEXTENTS 2147483645
  PCTINCREASE 0 FREELISTS 1 FREELIST GROUPS 1
  BUFFER_POOL DEFAULT FLASH_CACHE DEFAULT CELL_FLASH_CACHE DEFAULT)
  TABLESPACE "USERS" ;
--------------------------------------------------------
--  DDL for Table TRANSPORTADORA_ZONA_ENTREGA
--------------------------------------------------------

  CREATE TABLE "PAULO"."TRANSPORTADORA_ZONA_ENTREGA" 
   (	"FK_COD_TRANSPORTADORA" NUMBER, 
	"FK_COD_ZN_ENTREGA" NUMBER
   ) SEGMENT CREATION IMMEDIATE 
  PCTFREE 10 PCTUSED 40 INITRANS 1 MAXTRANS 255 
 NOCOMPRESS LOGGING
  STORAGE(INITIAL 65536 NEXT 1048576 MINEXTENTS 1 MAXEXTENTS 2147483645
  PCTINCREASE 0 FREELISTS 1 FREELIST GROUPS 1
  BUFFER_POOL DEFAULT FLASH_CACHE DEFAULT CELL_FLASH_CACHE DEFAULT)
  TABLESPACE "USERS" ;
--------------------------------------------------------
--  DDL for Table VENDEDOR
--------------------------------------------------------

  CREATE TABLE "PAULO"."VENDEDOR" 
   (	"COD_VENDEDOR" NUMBER, 
	"FK_COD_PF" NUMBER, 
	"FK_COD_PJ" NUMBER, 
	"MATRICULA" VARCHAR2(20 BYTE), 
	"COMISSAO" NUMBER(10,2)
   ) SEGMENT CREATION IMMEDIATE 
  PCTFREE 10 PCTUSED 40 INITRANS 1 MAXTRANS 255 
 NOCOMPRESS LOGGING
  STORAGE(INITIAL 65536 NEXT 1048576 MINEXTENTS 1 MAXEXTENTS 2147483645
  PCTINCREASE 0 FREELISTS 1 FREELIST GROUPS 1
  BUFFER_POOL DEFAULT FLASH_CACHE DEFAULT CELL_FLASH_CACHE DEFAULT)
  TABLESPACE "USERS" ;
--------------------------------------------------------
--  DDL for Table ZONA_ENTREGA
--------------------------------------------------------

  CREATE TABLE "PAULO"."ZONA_ENTREGA" 
   (	"COD_ZN_ENTREGA" NUMBER, 
	"NOME_REGIAO" VARCHAR2(15 BYTE)
   ) SEGMENT CREATION IMMEDIATE 
  PCTFREE 10 PCTUSED 40 INITRANS 1 MAXTRANS 255 
 NOCOMPRESS LOGGING
  STORAGE(INITIAL 65536 NEXT 1048576 MINEXTENTS 1 MAXEXTENTS 2147483645
  PCTINCREASE 0 FREELISTS 1 FREELIST GROUPS 1
  BUFFER_POOL DEFAULT FLASH_CACHE DEFAULT CELL_FLASH_CACHE DEFAULT)
  TABLESPACE "USERS" ;
REM INSERTING into PAULO.BAIRRO
SET DEFINE OFF;
Insert into PAULO.BAIRRO (COD_BAIRRO,BAIRRO,FK_COD_CIDADE) values ('20','casa','30');
Insert into PAULO.BAIRRO (COD_BAIRRO,BAIRRO,FK_COD_CIDADE) values ('13','vianna','15');
Insert into PAULO.BAIRRO (COD_BAIRRO,BAIRRO,FK_COD_CIDADE) values ('12','Centro','14');
Insert into PAULO.BAIRRO (COD_BAIRRO,BAIRRO,FK_COD_CIDADE) values ('1','Centro','16');
Insert into PAULO.BAIRRO (COD_BAIRRO,BAIRRO,FK_COD_CIDADE) values ('2','Centro','4');
Insert into PAULO.BAIRRO (COD_BAIRRO,BAIRRO,FK_COD_CIDADE) values ('21','ffff','31');
Insert into PAULO.BAIRRO (COD_BAIRRO,BAIRRO,FK_COD_CIDADE) values ('8','ddd','10');
REM INSERTING into PAULO.CEP
SET DEFINE OFF;
Insert into PAULO.CEP (COD_CEP,CEP,FK_COD_BAIRRO) values ('19','123443   ','20');
Insert into PAULO.CEP (COD_CEP,CEP,FK_COD_BAIRRO) values ('17','13010-000','2');
Insert into PAULO.CEP (COD_CEP,CEP,FK_COD_BAIRRO) values ('29','15500    ','12');
Insert into PAULO.CEP (COD_CEP,CEP,FK_COD_BAIRRO) values ('25','22212    ','8');
Insert into PAULO.CEP (COD_CEP,CEP,FK_COD_BAIRRO) values ('20','3333333  ','21');
Insert into PAULO.CEP (COD_CEP,CEP,FK_COD_BAIRRO) values ('30','888112   ','13');
REM INSERTING into PAULO.CIDADE
SET DEFINE OFF;
Insert into PAULO.CIDADE (COD_CIDADE,CIDADE,FK_COD_ESTADO) values ('4','Campinas','58');
Insert into PAULO.CIDADE (COD_CIDADE,CIDADE,FK_COD_ESTADO) values ('14','Campinas','74');
Insert into PAULO.CIDADE (COD_CIDADE,CIDADE,FK_COD_ESTADO) values ('15','Luanda','75');
Insert into PAULO.CIDADE (COD_CIDADE,CIDADE,FK_COD_ESTADO) values ('16','São Paulo','58');
Insert into PAULO.CIDADE (COD_CIDADE,CIDADE,FK_COD_ESTADO) values ('30','casa','41');
Insert into PAULO.CIDADE (COD_CIDADE,CIDADE,FK_COD_ESTADO) values ('31','ffff','61');
Insert into PAULO.CIDADE (COD_CIDADE,CIDADE,FK_COD_ESTADO) values ('10','www','70');
REM INSERTING into PAULO.CLIENTE
SET DEFINE OFF;
Insert into PAULO.CLIENTE (COD_CLIENTE,LIMITE_CREDITO,FK_COD_PJ) values ('12','1200','15');
Insert into PAULO.CLIENTE (COD_CLIENTE,LIMITE_CREDITO,FK_COD_PJ) values ('21','5000','33');
Insert into PAULO.CLIENTE (COD_CLIENTE,LIMITE_CREDITO,FK_COD_PJ) values ('18','5000','14');
Insert into PAULO.CLIENTE (COD_CLIENTE,LIMITE_CREDITO,FK_COD_PJ) values ('20','5000','31');
Insert into PAULO.CLIENTE (COD_CLIENTE,LIMITE_CREDITO,FK_COD_PJ) values ('1','10000','1');
Insert into PAULO.CLIENTE (COD_CLIENTE,LIMITE_CREDITO,FK_COD_PJ) values ('13','1200','16');
Insert into PAULO.CLIENTE (COD_CLIENTE,LIMITE_CREDITO,FK_COD_PJ) values ('19','1200','30');
REM INSERTING into PAULO.EMAIL
SET DEFINE OFF;
Insert into PAULO.EMAIL (COD_EMAIL,EMAIL,FK_COD_PJ) values ('16','pdo@gmail.com.br',null);
Insert into PAULO.EMAIL (COD_EMAIL,EMAIL,FK_COD_PJ) values ('19','oooooooo',null);
Insert into PAULO.EMAIL (COD_EMAIL,EMAIL,FK_COD_PJ) values ('9','cliente@example.com',null);
Insert into PAULO.EMAIL (COD_EMAIL,EMAIL,FK_COD_PJ) values ('18','cliente@exemplo.com',null);
Insert into PAULO.EMAIL (COD_EMAIL,EMAIL,FK_COD_PJ) values ('2','fulano@email.com',null);
Insert into PAULO.EMAIL (COD_EMAIL,EMAIL,FK_COD_PJ) values ('17','dvdvvdvvv',null);
Insert into PAULO.EMAIL (COD_EMAIL,EMAIL,FK_COD_PJ) values ('15','sssss',null);
REM INSERTING into PAULO.ENDERECO
SET DEFINE OFF;
Insert into PAULO.ENDERECO (COD_ENDERECO,LOG,DS_LOG,NR_LOG,COMPLEMENTO,FK_COD_CEP,FK_COD_TIPO_END) values ('26','casa','casa','12','21','19','13');
Insert into PAULO.ENDERECO (COD_ENDERECO,LOG,DS_LOG,NR_LOG,COMPLEMENTO,FK_COD_CEP,FK_COD_TIPO_END) values ('25','pca','wwwww','12','21','30','26');
Insert into PAULO.ENDERECO (COD_ENDERECO,LOG,DS_LOG,NR_LOG,COMPLEMENTO,FK_COD_CEP,FK_COD_TIPO_END) values ('24','Rua','Barão de Jaguara','123','Apartamento 45','29','25');
Insert into PAULO.ENDERECO (COD_ENDERECO,LOG,DS_LOG,NR_LOG,COMPLEMENTO,FK_COD_CEP,FK_COD_TIPO_END) values ('15','Rua das Flores','Apto 101','123','Bloco B','17','17');
Insert into PAULO.ENDERECO (COD_ENDERECO,LOG,DS_LOG,NR_LOG,COMPLEMENTO,FK_COD_CEP,FK_COD_TIPO_END) values ('27','ffff','dfdf','33','33','20','14');
Insert into PAULO.ENDERECO (COD_ENDERECO,LOG,DS_LOG,NR_LOG,COMPLEMENTO,FK_COD_CEP,FK_COD_TIPO_END) values ('21','www','eee','12','12','25','23');
REM INSERTING into PAULO.ESTADO
SET DEFINE OFF;
Insert into PAULO.ESTADO (COD_ESTADO,ESTADO) values ('41','pl');
Insert into PAULO.ESTADO (COD_ESTADO,ESTADO) values ('75','MM');
Insert into PAULO.ESTADO (COD_ESTADO,ESTADO) values ('74','SZ');
Insert into PAULO.ESTADO (COD_ESTADO,ESTADO) values ('58','SP');
Insert into PAULO.ESTADO (COD_ESTADO,ESTADO) values ('61','AP');
Insert into PAULO.ESTADO (COD_ESTADO,ESTADO) values ('70','si');
REM INSERTING into PAULO.FORMA_PAGAMENTO
SET DEFINE OFF;
Insert into PAULO.FORMA_PAGAMENTO (COD_FORMA_PGTO,DS_FORMA) values ('1','Cartão');
Insert into PAULO.FORMA_PAGAMENTO (COD_FORMA_PGTO,DS_FORMA) values ('2','Boleto');
Insert into PAULO.FORMA_PAGAMENTO (COD_FORMA_PGTO,DS_FORMA) values ('3','Transferência');
Insert into PAULO.FORMA_PAGAMENTO (COD_FORMA_PGTO,DS_FORMA) values ('4','Dinheiro');
REM INSERTING into PAULO.FORNECEDOR
SET DEFINE OFF;
Insert into PAULO.FORNECEDOR (COD_FORNECEDOR,FK_COD_PJ) values ('3','4');
Insert into PAULO.FORNECEDOR (COD_FORNECEDOR,FK_COD_PJ) values ('5','6');
Insert into PAULO.FORNECEDOR (COD_FORNECEDOR,FK_COD_PJ) values ('113','32');
Insert into PAULO.FORNECEDOR (COD_FORNECEDOR,FK_COD_PJ) values ('6','7');
Insert into PAULO.FORNECEDOR (COD_FORNECEDOR,FK_COD_PJ) values ('109','26');
Insert into PAULO.FORNECEDOR (COD_FORNECEDOR,FK_COD_PJ) values ('110','27');
Insert into PAULO.FORNECEDOR (COD_FORNECEDOR,FK_COD_PJ) values ('4','5');
Insert into PAULO.FORNECEDOR (COD_FORNECEDOR,FK_COD_PJ) values ('2','3');
Insert into PAULO.FORNECEDOR (COD_FORNECEDOR,FK_COD_PJ) values ('111','28');
Insert into PAULO.FORNECEDOR (COD_FORNECEDOR,FK_COD_PJ) values ('112','29');
REM INSERTING into PAULO.FUNCIONARIO
SET DEFINE OFF;
Insert into PAULO.FUNCIONARIO (COD_FUNCIONARIO,FK_COD_PF,CARGO,SALARIO,DEPARTAMENTO) values ('1','999','Vendedor','2500','Comercial');
Insert into PAULO.FUNCIONARIO (COD_FUNCIONARIO,FK_COD_PF,CARGO,SALARIO,DEPARTAMENTO) values ('23','1002','ti','3300','rica');
Insert into PAULO.FUNCIONARIO (COD_FUNCIONARIO,FK_COD_PF,CARGO,SALARIO,DEPARTAMENTO) values ('24','1003','2000','2000','eweww');
Insert into PAULO.FUNCIONARIO (COD_FUNCIONARIO,FK_COD_PF,CARGO,SALARIO,DEPARTAMENTO) values ('25','1004','politico','2000','casa7');
Insert into PAULO.FUNCIONARIO (COD_FUNCIONARIO,FK_COD_PF,CARGO,SALARIO,DEPARTAMENTO) values ('41','1005','Gerente','12000','bloP');
REM INSERTING into PAULO.MATERIA_PRIMA
SET DEFINE OFF;
Insert into PAULO.MATERIA_PRIMA (COD_MATERIA_PRIMA,DS_MATERIA,QTD_NECESSARIA,FK_COD_TIPO_MEDIDA) values ('32','FACIL','4','8');
Insert into PAULO.MATERIA_PRIMA (COD_MATERIA_PRIMA,DS_MATERIA,QTD_NECESSARIA,FK_COD_TIPO_MEDIDA) values ('36','FACIL','5','9');
Insert into PAULO.MATERIA_PRIMA (COD_MATERIA_PRIMA,DS_MATERIA,QTD_NECESSARIA,FK_COD_TIPO_MEDIDA) values ('38','facil','2','9');
Insert into PAULO.MATERIA_PRIMA (COD_MATERIA_PRIMA,DS_MATERIA,QTD_NECESSARIA,FK_COD_TIPO_MEDIDA) values ('29','facil de uso','8','8');
Insert into PAULO.MATERIA_PRIMA (COD_MATERIA_PRIMA,DS_MATERIA,QTD_NECESSARIA,FK_COD_TIPO_MEDIDA) values ('33','USA FACIL','6','9');
Insert into PAULO.MATERIA_PRIMA (COD_MATERIA_PRIMA,DS_MATERIA,QTD_NECESSARIA,FK_COD_TIPO_MEDIDA) values ('25','Facil de Uso','5','6');
Insert into PAULO.MATERIA_PRIMA (COD_MATERIA_PRIMA,DS_MATERIA,QTD_NECESSARIA,FK_COD_TIPO_MEDIDA) values ('27','1','1','7');
Insert into PAULO.MATERIA_PRIMA (COD_MATERIA_PRIMA,DS_MATERIA,QTD_NECESSARIA,FK_COD_TIPO_MEDIDA) values ('30','FACIL DE USO','4','8');
Insert into PAULO.MATERIA_PRIMA (COD_MATERIA_PRIMA,DS_MATERIA,QTD_NECESSARIA,FK_COD_TIPO_MEDIDA) values ('34','USA FACIL','6','9');
Insert into PAULO.MATERIA_PRIMA (COD_MATERIA_PRIMA,DS_MATERIA,QTD_NECESSARIA,FK_COD_TIPO_MEDIDA) values ('24','Facil de uso','2','4');
Insert into PAULO.MATERIA_PRIMA (COD_MATERIA_PRIMA,DS_MATERIA,QTD_NECESSARIA,FK_COD_TIPO_MEDIDA) values ('37','ooooooo','10','9');
Insert into PAULO.MATERIA_PRIMA (COD_MATERIA_PRIMA,DS_MATERIA,QTD_NECESSARIA,FK_COD_TIPO_MEDIDA) values ('26','Boa qualidade','6','4');
Insert into PAULO.MATERIA_PRIMA (COD_MATERIA_PRIMA,DS_MATERIA,QTD_NECESSARIA,FK_COD_TIPO_MEDIDA) values ('22','xxxxxxxxxxxxxxxxxxx','11','4');
Insert into PAULO.MATERIA_PRIMA (COD_MATERIA_PRIMA,DS_MATERIA,QTD_NECESSARIA,FK_COD_TIPO_MEDIDA) values ('23','1','1','4');
Insert into PAULO.MATERIA_PRIMA (COD_MATERIA_PRIMA,DS_MATERIA,QTD_NECESSARIA,FK_COD_TIPO_MEDIDA) values ('28','Facil de uso','9','8');
Insert into PAULO.MATERIA_PRIMA (COD_MATERIA_PRIMA,DS_MATERIA,QTD_NECESSARIA,FK_COD_TIPO_MEDIDA) values ('31','FACIL DE USO','3','8');
Insert into PAULO.MATERIA_PRIMA (COD_MATERIA_PRIMA,DS_MATERIA,QTD_NECESSARIA,FK_COD_TIPO_MEDIDA) values ('35','FACIL PARA USO','7','9');
Insert into PAULO.MATERIA_PRIMA (COD_MATERIA_PRIMA,DS_MATERIA,QTD_NECESSARIA,FK_COD_TIPO_MEDIDA) values ('39','wwww','3','9');
REM INSERTING into PAULO.PAGAMENTO
SET DEFINE OFF;
Insert into PAULO.PAGAMENTO (COD_PAGAMENTO,DT_PAGAMENTO,DT_VENCIMENTO,VALOR_TOTAL,FK_COD_PEDIDO,FK_COD_FORMA_PGTO) values ('22',to_date('10/10/30','DD/MM/RR'),to_date('10/12/30','DD/MM/RR'),'266','1','2');
Insert into PAULO.PAGAMENTO (COD_PAGAMENTO,DT_PAGAMENTO,DT_VENCIMENTO,VALOR_TOTAL,FK_COD_PEDIDO,FK_COD_FORMA_PGTO) values ('24',to_date('10/10/00','DD/MM/RR'),to_date('10/10/01','DD/MM/RR'),'300','3','1');
Insert into PAULO.PAGAMENTO (COD_PAGAMENTO,DT_PAGAMENTO,DT_VENCIMENTO,VALOR_TOTAL,FK_COD_PEDIDO,FK_COD_FORMA_PGTO) values ('17',to_date('20/02/24','DD/MM/RR'),to_date('10/10/24','DD/MM/RR'),'500','1','1');
Insert into PAULO.PAGAMENTO (COD_PAGAMENTO,DT_PAGAMENTO,DT_VENCIMENTO,VALOR_TOTAL,FK_COD_PEDIDO,FK_COD_FORMA_PGTO) values ('21',to_date('10/10/25','DD/MM/RR'),to_date('10/12/25','DD/MM/RR'),'200','1','1');
Insert into PAULO.PAGAMENTO (COD_PAGAMENTO,DT_PAGAMENTO,DT_VENCIMENTO,VALOR_TOTAL,FK_COD_PEDIDO,FK_COD_FORMA_PGTO) values ('15',to_date('10/10/10','DD/MM/RR'),to_date('10/10/11','DD/MM/RR'),'200','1','1');
Insert into PAULO.PAGAMENTO (COD_PAGAMENTO,DT_PAGAMENTO,DT_VENCIMENTO,VALOR_TOTAL,FK_COD_PEDIDO,FK_COD_FORMA_PGTO) values ('16',to_date('02/10/24','DD/MM/RR'),to_date('03/12/25','DD/MM/RR'),'500','1','2');
Insert into PAULO.PAGAMENTO (COD_PAGAMENTO,DT_PAGAMENTO,DT_VENCIMENTO,VALOR_TOTAL,FK_COD_PEDIDO,FK_COD_FORMA_PGTO) values ('19',to_date('10/10/25','DD/MM/RR'),to_date('10/10/25','DD/MM/RR'),'300','1','2');
Insert into PAULO.PAGAMENTO (COD_PAGAMENTO,DT_PAGAMENTO,DT_VENCIMENTO,VALOR_TOTAL,FK_COD_PEDIDO,FK_COD_FORMA_PGTO) values ('20',to_date('10/10/00','DD/MM/RR'),to_date('10/10/01','DD/MM/RR'),'390','1','1');
Insert into PAULO.PAGAMENTO (COD_PAGAMENTO,DT_PAGAMENTO,DT_VENCIMENTO,VALOR_TOTAL,FK_COD_PEDIDO,FK_COD_FORMA_PGTO) values ('23',to_date('10/12/25','DD/MM/RR'),to_date('10/11/26','DD/MM/RR'),'4000','1','2');
REM INSERTING into PAULO.PAGAMENTO_TIPO_PAGAMENTO
SET DEFINE OFF;
Insert into PAULO.PAGAMENTO_TIPO_PAGAMENTO (FK_COD_PAGAMENTO,FK_COD_TIPO_PAGAMENTO) values ('15','1');
Insert into PAULO.PAGAMENTO_TIPO_PAGAMENTO (FK_COD_PAGAMENTO,FK_COD_TIPO_PAGAMENTO) values ('16','2');
Insert into PAULO.PAGAMENTO_TIPO_PAGAMENTO (FK_COD_PAGAMENTO,FK_COD_TIPO_PAGAMENTO) values ('17','1');
Insert into PAULO.PAGAMENTO_TIPO_PAGAMENTO (FK_COD_PAGAMENTO,FK_COD_TIPO_PAGAMENTO) values ('19','2');
Insert into PAULO.PAGAMENTO_TIPO_PAGAMENTO (FK_COD_PAGAMENTO,FK_COD_TIPO_PAGAMENTO) values ('20','1');
Insert into PAULO.PAGAMENTO_TIPO_PAGAMENTO (FK_COD_PAGAMENTO,FK_COD_TIPO_PAGAMENTO) values ('21','1');
Insert into PAULO.PAGAMENTO_TIPO_PAGAMENTO (FK_COD_PAGAMENTO,FK_COD_TIPO_PAGAMENTO) values ('22','2');
Insert into PAULO.PAGAMENTO_TIPO_PAGAMENTO (FK_COD_PAGAMENTO,FK_COD_TIPO_PAGAMENTO) values ('23','1');
Insert into PAULO.PAGAMENTO_TIPO_PAGAMENTO (FK_COD_PAGAMENTO,FK_COD_TIPO_PAGAMENTO) values ('24','3');
REM INSERTING into PAULO.PECA
SET DEFINE OFF;
Insert into PAULO.PECA (COD_PECA,NOME_PECA,VLR_PECA,DS_PECA,COR_PECA,TAMANHO,DT_FABRICACAO,PRAZO_PROD_DIAS) values ('12','PECA','200','FACIL','PRETA','H',to_date('10/10/25','DD/MM/RR'),'4');
Insert into PAULO.PECA (COD_PECA,NOME_PECA,VLR_PECA,DS_PECA,COR_PECA,TAMANHO,DT_FABRICACAO,PRAZO_PROD_DIAS) values ('2','eeeeeeee','32','ddddd','pd','P',to_date('22/03/00','DD/MM/RR'),'2');
Insert into PAULO.PECA (COD_PECA,NOME_PECA,VLR_PECA,DS_PECA,COR_PECA,TAMANHO,DT_FABRICACAO,PRAZO_PROD_DIAS) values ('9','qqqq','222','aaaa','aaaa','P',to_date('10/10/20','DD/MM/RR'),'2');
Insert into PAULO.PECA (COD_PECA,NOME_PECA,VLR_PECA,DS_PECA,COR_PECA,TAMANHO,DT_FABRICACAO,PRAZO_PROD_DIAS) values ('1','paulo','12','dhdhdhhd','pt','P',to_date('11/09/99','DD/MM/RR'),'3');
Insert into PAULO.PECA (COD_PECA,NOME_PECA,VLR_PECA,DS_PECA,COR_PECA,TAMANHO,DT_FABRICACAO,PRAZO_PROD_DIAS) values ('4','rrrrrrrrrrrrrrr','87','ffffffffffffffff','qqqqqq','M',to_date('25/07/00','DD/MM/RR'),'9');
Insert into PAULO.PECA (COD_PECA,NOME_PECA,VLR_PECA,DS_PECA,COR_PECA,TAMANHO,DT_FABRICACAO,PRAZO_PROD_DIAS) values ('6','Sacola','300','Elastica','preta','G',to_date('10/02/25','DD/MM/RR'),'20');
Insert into PAULO.PECA (COD_PECA,NOME_PECA,VLR_PECA,DS_PECA,COR_PECA,TAMANHO,DT_FABRICACAO,PRAZO_PROD_DIAS) values ('5','casa','123','boa para','pt','P',to_date('02/02/02','DD/MM/RR'),'2');
Insert into PAULO.PECA (COD_PECA,NOME_PECA,VLR_PECA,DS_PECA,COR_PECA,TAMANHO,DT_FABRICACAO,PRAZO_PROD_DIAS) values ('13','carro','20000','boa ualidade','vermelha','P',to_date('10/10/00','DD/MM/RR'),'2');
Insert into PAULO.PECA (COD_PECA,NOME_PECA,VLR_PECA,DS_PECA,COR_PECA,TAMANHO,DT_FABRICACAO,PRAZO_PROD_DIAS) values ('3','jkfbvhjdd','45','ghghghghghg','pt','P',to_date('12/02/99','DD/MM/RR'),'5');
Insert into PAULO.PECA (COD_PECA,NOME_PECA,VLR_PECA,DS_PECA,COR_PECA,TAMANHO,DT_FABRICACAO,PRAZO_PROD_DIAS) values ('10','capa','280','facil de uso','preta','P',to_date('20/10/26','DD/MM/RR'),'4');
Insert into PAULO.PECA (COD_PECA,NOME_PECA,VLR_PECA,DS_PECA,COR_PECA,TAMANHO,DT_FABRICACAO,PRAZO_PROD_DIAS) values ('11','CAPA','230','PARA CARROS','PRETA','P',to_date('10/10/09','DD/MM/RR'),'5');
Insert into PAULO.PECA (COD_PECA,NOME_PECA,VLR_PECA,DS_PECA,COR_PECA,TAMANHO,DT_FABRICACAO,PRAZO_PROD_DIAS) values ('14','carro','300','ddd','barco','P',to_date('10/12/23','DD/MM/RR'),'2');
REM INSERTING into PAULO.PECA_MATERIA_PRIMA
SET DEFINE OFF;
REM INSERTING into PAULO.PEDIDO
SET DEFINE OFF;
Insert into PAULO.PEDIDO (COD_PEDIDO,DT_PEDIDO,QTD_PECA,FK_COD_VENDEDOR,FK_COD_CLIENTE,FK_COD_TRANSPORTADORA) values ('6',to_date('10/12/24','DD/MM/RR'),'4','1','1','10');
Insert into PAULO.PEDIDO (COD_PEDIDO,DT_PEDIDO,QTD_PECA,FK_COD_VENDEDOR,FK_COD_CLIENTE,FK_COD_TRANSPORTADORA) values ('3',to_date('10/10/10','DD/MM/RR'),'3','1','1','10');
Insert into PAULO.PEDIDO (COD_PEDIDO,DT_PEDIDO,QTD_PECA,FK_COD_VENDEDOR,FK_COD_CLIENTE,FK_COD_TRANSPORTADORA) values ('1',to_date('18/05/25','DD/MM/RR'),'10','1','1','10');
Insert into PAULO.PEDIDO (COD_PEDIDO,DT_PEDIDO,QTD_PECA,FK_COD_VENDEDOR,FK_COD_CLIENTE,FK_COD_TRANSPORTADORA) values ('4',to_date('03/03/20','DD/MM/RR'),'5','1','1','10');
Insert into PAULO.PEDIDO (COD_PEDIDO,DT_PEDIDO,QTD_PECA,FK_COD_VENDEDOR,FK_COD_CLIENTE,FK_COD_TRANSPORTADORA) values ('7',to_date('10/10/25','DD/MM/RR'),'3','1','1','10');
Insert into PAULO.PEDIDO (COD_PEDIDO,DT_PEDIDO,QTD_PECA,FK_COD_VENDEDOR,FK_COD_CLIENTE,FK_COD_TRANSPORTADORA) values ('8',to_date('10/12/12','DD/MM/RR'),'2','1','1','20');
REM INSERTING into PAULO.PEDIDO_PECA
SET DEFINE OFF;
REM INSERTING into PAULO.PESSOA
SET DEFINE OFF;
Insert into PAULO.PESSOA (COD_PESSOA,NOME_RAZAO_SOCIAL) values ('15','Paulo');
Insert into PAULO.PESSOA (COD_PESSOA,NOME_RAZAO_SOCIAL) values ('17','Empresa Alpha');
Insert into PAULO.PESSOA (COD_PESSOA,NOME_RAZAO_SOCIAL) values ('18','Empresa Beta');
Insert into PAULO.PESSOA (COD_PESSOA,NOME_RAZAO_SOCIAL) values ('19','Empresa Gamma');
Insert into PAULO.PESSOA (COD_PESSOA,NOME_RAZAO_SOCIAL) values ('20','Empresa Delta');
Insert into PAULO.PESSOA (COD_PESSOA,NOME_RAZAO_SOCIAL) values ('21','Empresa Epsilon');
Insert into PAULO.PESSOA (COD_PESSOA,NOME_RAZAO_SOCIAL) values ('22','Empresa Zeta');
Insert into PAULO.PESSOA (COD_PESSOA,NOME_RAZAO_SOCIAL) values ('23','Empresa Eta');
Insert into PAULO.PESSOA (COD_PESSOA,NOME_RAZAO_SOCIAL) values ('24','Empresa Theta');
Insert into PAULO.PESSOA (COD_PESSOA,NOME_RAZAO_SOCIAL) values ('25','Empresa Iota');
Insert into PAULO.PESSOA (COD_PESSOA,NOME_RAZAO_SOCIAL) values ('999','Teste da Pessoa');
Insert into PAULO.PESSOA (COD_PESSOA,NOME_RAZAO_SOCIAL) values ('1002','dados');
Insert into PAULO.PESSOA (COD_PESSOA,NOME_RAZAO_SOCIAL) values ('1005','eeeeeeeeee');
Insert into PAULO.PESSOA (COD_PESSOA,NOME_RAZAO_SOCIAL) values ('1032','Gkpp');
Insert into PAULO.PESSOA (COD_PESSOA,NOME_RAZAO_SOCIAL) values ('1033','Vianna');
Insert into PAULO.PESSOA (COD_PESSOA,NOME_RAZAO_SOCIAL) values ('111','Paulo');
Insert into PAULO.PESSOA (COD_PESSOA,NOME_RAZAO_SOCIAL) values ('112','Carla');
Insert into PAULO.PESSOA (COD_PESSOA,NOME_RAZAO_SOCIAL) values ('1006','carlita');
Insert into PAULO.PESSOA (COD_PESSOA,NOME_RAZAO_SOCIAL) values ('1025','Paulo Silva');
Insert into PAULO.PESSOA (COD_PESSOA,NOME_RAZAO_SOCIAL) values ('1026','Dongosse');
Insert into PAULO.PESSOA (COD_PESSOA,NOME_RAZAO_SOCIAL) values ('1031','Cliente Exemplo LTDA');
Insert into PAULO.PESSOA (COD_PESSOA,NOME_RAZAO_SOCIAL) values ('1013','Cliente Exemplo Ltda');
Insert into PAULO.PESSOA (COD_PESSOA,NOME_RAZAO_SOCIAL) values ('1003','paquito');
Insert into PAULO.PESSOA (COD_PESSOA,NOME_RAZAO_SOCIAL) values ('1','Cliente Teste Ltda');
Insert into PAULO.PESSOA (COD_PESSOA,NOME_RAZAO_SOCIAL) values ('4','João da Silva');
Insert into PAULO.PESSOA (COD_PESSOA,NOME_RAZAO_SOCIAL) values ('2','João da Silva');
Insert into PAULO.PESSOA (COD_PESSOA,NOME_RAZAO_SOCIAL) values ('3','Empresa Exemplo Ltda');
Insert into PAULO.PESSOA (COD_PESSOA,NOME_RAZAO_SOCIAL) values ('10','Transportadora Exemplo Ltda');
Insert into PAULO.PESSOA (COD_PESSOA,NOME_RAZAO_SOCIAL) values ('110','Transportadora Exemplo Ltda');
Insert into PAULO.PESSOA (COD_PESSOA,NOME_RAZAO_SOCIAL) values ('1004','jonse');
Insert into PAULO.PESSOA (COD_PESSOA,NOME_RAZAO_SOCIAL) values ('16','Pauço');
Insert into PAULO.PESSOA (COD_PESSOA,NOME_RAZAO_SOCIAL) values ('1001','carlos');
Insert into PAULO.PESSOA (COD_PESSOA,NOME_RAZAO_SOCIAL) values ('1027','Peini');
Insert into PAULO.PESSOA (COD_PESSOA,NOME_RAZAO_SOCIAL) values ('1028','Pythor');
Insert into PAULO.PESSOA (COD_PESSOA,NOME_RAZAO_SOCIAL) values ('1029','ginga');
Insert into PAULO.PESSOA (COD_PESSOA,NOME_RAZAO_SOCIAL) values ('1030','qqqqqq');
REM INSERTING into PAULO.PESSOA_EMAIL
SET DEFINE OFF;
Insert into PAULO.PESSOA_EMAIL (FK_COD_PESSOA,FK_COD_EMAIL) values ('15','16');
Insert into PAULO.PESSOA_EMAIL (FK_COD_PESSOA,FK_COD_EMAIL) values ('16','17');
Insert into PAULO.PESSOA_EMAIL (FK_COD_PESSOA,FK_COD_EMAIL) values ('1013','9');
Insert into PAULO.PESSOA_EMAIL (FK_COD_PESSOA,FK_COD_EMAIL) values ('1030','15');
Insert into PAULO.PESSOA_EMAIL (FK_COD_PESSOA,FK_COD_EMAIL) values ('1031','18');
Insert into PAULO.PESSOA_EMAIL (FK_COD_PESSOA,FK_COD_EMAIL) values ('1033','19');
REM INSERTING into PAULO.PESSOA_ENDERECO
SET DEFINE OFF;
Insert into PAULO.PESSOA_ENDERECO (FK_COD_PESSOA,FK_COD_ENDERECO) values ('15','26');
Insert into PAULO.PESSOA_ENDERECO (FK_COD_PESSOA,FK_COD_ENDERECO) values ('16','27');
Insert into PAULO.PESSOA_ENDERECO (FK_COD_PESSOA,FK_COD_ENDERECO) values ('1013','15');
Insert into PAULO.PESSOA_ENDERECO (FK_COD_PESSOA,FK_COD_ENDERECO) values ('1030','21');
Insert into PAULO.PESSOA_ENDERECO (FK_COD_PESSOA,FK_COD_ENDERECO) values ('1031','24');
Insert into PAULO.PESSOA_ENDERECO (FK_COD_PESSOA,FK_COD_ENDERECO) values ('1033','25');
REM INSERTING into PAULO.PESSOA_FISICA
SET DEFINE OFF;
Insert into PAULO.PESSOA_FISICA (COD_PF,CPF,SEXO,DT_NASC,ESTADO_CIVIL,FK_COD_PESSOA) values ('999','12345678901234','M',to_date('01/01/00','DD/MM/RR'),'Solteiro','999');
Insert into PAULO.PESSOA_FISICA (COD_PF,CPF,SEXO,DT_NASC,ESTADO_CIVIL,FK_COD_PESSOA) values ('1002','22222222222   ','M',to_date('10/10/00','DD/MM/RR'),'Solteiro','111');
Insert into PAULO.PESSOA_FISICA (COD_PF,CPF,SEXO,DT_NASC,ESTADO_CIVIL,FK_COD_PESSOA) values ('1003','333333333333  ','F',to_date('10/10/03','DD/MM/RR'),'Solteiro','112');
Insert into PAULO.PESSOA_FISICA (COD_PF,CPF,SEXO,DT_NASC,ESTADO_CIVIL,FK_COD_PESSOA) values ('1','123.456.789-00','M',to_date('01/01/90','DD/MM/RR'),'Solteiro','4');
Insert into PAULO.PESSOA_FISICA (COD_PF,CPF,SEXO,DT_NASC,ESTADO_CIVIL,FK_COD_PESSOA) values ('2','987.654.321-00','F',to_date('15/05/95','DD/MM/RR'),'Casada','2');
Insert into PAULO.PESSOA_FISICA (COD_PF,CPF,SEXO,DT_NASC,ESTADO_CIVIL,FK_COD_PESSOA) values ('1004','00009990090   ','M',to_date('10/10/00','DD/MM/RR'),'Solteiro','1003');
Insert into PAULO.PESSOA_FISICA (COD_PF,CPF,SEXO,DT_NASC,ESTADO_CIVIL,FK_COD_PESSOA) values ('1005','12123435220010','M',to_date('10/12/00','DD/MM/RR'),'Solteiro','1028');
REM INSERTING into PAULO.PESSOA_JURIDICA
SET DEFINE OFF;
Insert into PAULO.PESSOA_JURIDICA (COD_PJ,CNPJ,FK_COD_PESSOA) values ('15','234554545433      ','15');
Insert into PAULO.PESSOA_JURIDICA (COD_PJ,CNPJ,FK_COD_PESSOA) values ('17','00.000.000/0000-17','17');
Insert into PAULO.PESSOA_JURIDICA (COD_PJ,CNPJ,FK_COD_PESSOA) values ('18','00.000.000/0000-18','18');
Insert into PAULO.PESSOA_JURIDICA (COD_PJ,CNPJ,FK_COD_PESSOA) values ('19','00.000.000/0000-19','19');
Insert into PAULO.PESSOA_JURIDICA (COD_PJ,CNPJ,FK_COD_PESSOA) values ('20','00.000.000/0000-20','20');
Insert into PAULO.PESSOA_JURIDICA (COD_PJ,CNPJ,FK_COD_PESSOA) values ('21','00.000.000/0000-21','21');
Insert into PAULO.PESSOA_JURIDICA (COD_PJ,CNPJ,FK_COD_PESSOA) values ('22','00.000.000/0000-22','22');
Insert into PAULO.PESSOA_JURIDICA (COD_PJ,CNPJ,FK_COD_PESSOA) values ('23','00.000.000/0000-23','23');
Insert into PAULO.PESSOA_JURIDICA (COD_PJ,CNPJ,FK_COD_PESSOA) values ('24','00.000.000/0000-24','24');
Insert into PAULO.PESSOA_JURIDICA (COD_PJ,CNPJ,FK_COD_PESSOA) values ('25','00.000.000/0000-25','25');
Insert into PAULO.PESSOA_JURIDICA (COD_PJ,CNPJ,FK_COD_PESSOA) values ('4','000999000999      ','1002');
Insert into PAULO.PESSOA_JURIDICA (COD_PJ,CNPJ,FK_COD_PESSOA) values ('6','00000099999909    ','1005');
Insert into PAULO.PESSOA_JURIDICA (COD_PJ,CNPJ,FK_COD_PESSOA) values ('32','8888111220090     ','1032');
Insert into PAULO.PESSOA_JURIDICA (COD_PJ,CNPJ,FK_COD_PESSOA) values ('33','88877755510       ','1033');
Insert into PAULO.PESSOA_JURIDICA (COD_PJ,CNPJ,FK_COD_PESSOA) values ('7','00000009999900    ','1006');
Insert into PAULO.PESSOA_JURIDICA (COD_PJ,CNPJ,FK_COD_PESSOA) values ('26','1112220000090021  ','1025');
Insert into PAULO.PESSOA_JURIDICA (COD_PJ,CNPJ,FK_COD_PESSOA) values ('27','1112221234090021  ','1026');
Insert into PAULO.PESSOA_JURIDICA (COD_PJ,CNPJ,FK_COD_PESSOA) values ('31','12.345.000/0001-99','1031');
Insert into PAULO.PESSOA_JURIDICA (COD_PJ,CNPJ,FK_COD_PESSOA) values ('14','12.345.678/0001-99','1013');
Insert into PAULO.PESSOA_JURIDICA (COD_PJ,CNPJ,FK_COD_PESSOA) values ('5','000009999009      ','1004');
Insert into PAULO.PESSOA_JURIDICA (COD_PJ,CNPJ,FK_COD_PESSOA) values ('1','12345678000101    ','1');
Insert into PAULO.PESSOA_JURIDICA (COD_PJ,CNPJ,FK_COD_PESSOA) values ('10','12345678000199    ','10');
Insert into PAULO.PESSOA_JURIDICA (COD_PJ,CNPJ,FK_COD_PESSOA) values ('16','444443334444      ','16');
Insert into PAULO.PESSOA_JURIDICA (COD_PJ,CNPJ,FK_COD_PESSOA) values ('3','999999009090      ','1001');
Insert into PAULO.PESSOA_JURIDICA (COD_PJ,CNPJ,FK_COD_PESSOA) values ('28','10101011100232    ','1027');
Insert into PAULO.PESSOA_JURIDICA (COD_PJ,CNPJ,FK_COD_PESSOA) values ('29','11121222009988    ','1029');
Insert into PAULO.PESSOA_JURIDICA (COD_PJ,CNPJ,FK_COD_PESSOA) values ('30','111212234777      ','1030');
REM INSERTING into PAULO.PESSOA_TELEFONE
SET DEFINE OFF;
Insert into PAULO.PESSOA_TELEFONE (FK_COD_PESSOA,FK_COD_TELEFONE) values ('15','18');
Insert into PAULO.PESSOA_TELEFONE (FK_COD_PESSOA,FK_COD_TELEFONE) values ('16','19');
Insert into PAULO.PESSOA_TELEFONE (FK_COD_PESSOA,FK_COD_TELEFONE) values ('1013','7');
Insert into PAULO.PESSOA_TELEFONE (FK_COD_PESSOA,FK_COD_TELEFONE) values ('1030','13');
Insert into PAULO.PESSOA_TELEFONE (FK_COD_PESSOA,FK_COD_TELEFONE) values ('1031','16');
Insert into PAULO.PESSOA_TELEFONE (FK_COD_PESSOA,FK_COD_TELEFONE) values ('1033','17');
REM INSERTING into PAULO.TELEFONE
SET DEFINE OFF;
Insert into PAULO.TELEFONE (COD_TEL,DDD,PREFIXO_SUFIXO,FK_COD_TIPO_TEL) values ('18','11','223338363','3');
Insert into PAULO.TELEFONE (COD_TEL,DDD,PREFIXO_SUFIXO,FK_COD_TIPO_TEL) values ('17','20','999991110','3');
Insert into PAULO.TELEFONE (COD_TEL,DDD,PREFIXO_SUFIXO,FK_COD_TIPO_TEL) values ('16','19','98765-4321','13');
Insert into PAULO.TELEFONE (COD_TEL,DDD,PREFIXO_SUFIXO,FK_COD_TIPO_TEL) values ('7','19','99999-9999','13');
Insert into PAULO.TELEFONE (COD_TEL,DDD,PREFIXO_SUFIXO,FK_COD_TIPO_TEL) values ('19','11','333332323','10');
Insert into PAULO.TELEFONE (COD_TEL,DDD,PREFIXO_SUFIXO,FK_COD_TIPO_TEL) values ('13','11','2222222','15');
REM INSERTING into PAULO.TIPO_DE_MEDIDA
SET DEFINE OFF;
Insert into PAULO.TIPO_DE_MEDIDA (COD_TIPO_MEDIDA,DS_MEDIDA) values ('9','L');
Insert into PAULO.TIPO_DE_MEDIDA (COD_TIPO_MEDIDA,DS_MEDIDA) values ('6','M');
Insert into PAULO.TIPO_DE_MEDIDA (COD_TIPO_MEDIDA,DS_MEDIDA) values ('7','1');
Insert into PAULO.TIPO_DE_MEDIDA (COD_TIPO_MEDIDA,DS_MEDIDA) values ('4','KL');
Insert into PAULO.TIPO_DE_MEDIDA (COD_TIPO_MEDIDA,DS_MEDIDA) values ('8','KG');
REM INSERTING into PAULO.TIPO_ENDERECO
SET DEFINE OFF;
Insert into PAULO.TIPO_ENDERECO (COD_TIPO_END,DS_END) values ('13','pesei');
Insert into PAULO.TIPO_ENDERECO (COD_TIPO_END,DS_END) values ('26','residente');
Insert into PAULO.TIPO_ENDERECO (COD_TIPO_END,DS_END) values ('25','Residencial');
Insert into PAULO.TIPO_ENDERECO (COD_TIPO_END,DS_END) values ('17','Rua');
Insert into PAULO.TIPO_ENDERECO (COD_TIPO_END,DS_END) values ('14','fffff');
Insert into PAULO.TIPO_ENDERECO (COD_TIPO_END,DS_END) values ('23','ssss');
REM INSERTING into PAULO.TIPO_PAGAMENTO
SET DEFINE OFF;
Insert into PAULO.TIPO_PAGAMENTO (COD_TIPO_PGTO,DS_TIPO_PGTO,JUROS_DESCONTO) values ('1','À vista','0');
Insert into PAULO.TIPO_PAGAMENTO (COD_TIPO_PGTO,DS_TIPO_PGTO,JUROS_DESCONTO) values ('2','Parcelado','1,5');
Insert into PAULO.TIPO_PAGAMENTO (COD_TIPO_PGTO,DS_TIPO_PGTO,JUROS_DESCONTO) values ('3','Antecipado','-2');
REM INSERTING into PAULO.TIPO_TELEFONE
SET DEFINE OFF;
Insert into PAULO.TIPO_TELEFONE (COD_TIPO_TEL,DS_TEL) values ('5','0000000');
Insert into PAULO.TIPO_TELEFONE (COD_TIPO_TEL,DS_TEL) values ('2','COMERCIAL');
Insert into PAULO.TIPO_TELEFONE (COD_TIPO_TEL,DS_TEL) values ('13','Celular');
Insert into PAULO.TIPO_TELEFONE (COD_TIPO_TEL,DS_TEL) values ('10','ffff');
Insert into PAULO.TIPO_TELEFONE (COD_TIPO_TEL,DS_TEL) values ('8','jkdfhfd');
Insert into PAULO.TIPO_TELEFONE (COD_TIPO_TEL,DS_TEL) values ('9','kdjdhd');
Insert into PAULO.TIPO_TELEFONE (COD_TIPO_TEL,DS_TEL) values ('3','pessoal');
Insert into PAULO.TIPO_TELEFONE (COD_TIPO_TEL,DS_TEL) values ('15','www');
REM INSERTING into PAULO.TRANSPORTADORA
SET DEFINE OFF;
Insert into PAULO.TRANSPORTADORA (COD_TRANSPORTADORA,FK_COD_PJ) values ('140','17');
Insert into PAULO.TRANSPORTADORA (COD_TRANSPORTADORA,FK_COD_PJ) values ('150','18');
Insert into PAULO.TRANSPORTADORA (COD_TRANSPORTADORA,FK_COD_PJ) values ('160','19');
Insert into PAULO.TRANSPORTADORA (COD_TRANSPORTADORA,FK_COD_PJ) values ('170','20');
Insert into PAULO.TRANSPORTADORA (COD_TRANSPORTADORA,FK_COD_PJ) values ('180','21');
Insert into PAULO.TRANSPORTADORA (COD_TRANSPORTADORA,FK_COD_PJ) values ('190','22');
Insert into PAULO.TRANSPORTADORA (COD_TRANSPORTADORA,FK_COD_PJ) values ('200','23');
Insert into PAULO.TRANSPORTADORA (COD_TRANSPORTADORA,FK_COD_PJ) values ('210','24');
Insert into PAULO.TRANSPORTADORA (COD_TRANSPORTADORA,FK_COD_PJ) values ('220','25');
Insert into PAULO.TRANSPORTADORA (COD_TRANSPORTADORA,FK_COD_PJ) values ('20','17');
Insert into PAULO.TRANSPORTADORA (COD_TRANSPORTADORA,FK_COD_PJ) values ('30','18');
Insert into PAULO.TRANSPORTADORA (COD_TRANSPORTADORA,FK_COD_PJ) values ('40','19');
Insert into PAULO.TRANSPORTADORA (COD_TRANSPORTADORA,FK_COD_PJ) values ('50','20');
Insert into PAULO.TRANSPORTADORA (COD_TRANSPORTADORA,FK_COD_PJ) values ('60','21');
Insert into PAULO.TRANSPORTADORA (COD_TRANSPORTADORA,FK_COD_PJ) values ('70','22');
Insert into PAULO.TRANSPORTADORA (COD_TRANSPORTADORA,FK_COD_PJ) values ('80','23');
Insert into PAULO.TRANSPORTADORA (COD_TRANSPORTADORA,FK_COD_PJ) values ('90','24');
Insert into PAULO.TRANSPORTADORA (COD_TRANSPORTADORA,FK_COD_PJ) values ('100','25');
Insert into PAULO.TRANSPORTADORA (COD_TRANSPORTADORA,FK_COD_PJ) values ('10','10');
REM INSERTING into PAULO.TRANSPORTADORA_ZONA_ENTREGA
SET DEFINE OFF;
Insert into PAULO.TRANSPORTADORA_ZONA_ENTREGA (FK_COD_TRANSPORTADORA,FK_COD_ZN_ENTREGA) values ('10','1');
Insert into PAULO.TRANSPORTADORA_ZONA_ENTREGA (FK_COD_TRANSPORTADORA,FK_COD_ZN_ENTREGA) values ('10','2');
Insert into PAULO.TRANSPORTADORA_ZONA_ENTREGA (FK_COD_TRANSPORTADORA,FK_COD_ZN_ENTREGA) values ('10','3');
Insert into PAULO.TRANSPORTADORA_ZONA_ENTREGA (FK_COD_TRANSPORTADORA,FK_COD_ZN_ENTREGA) values ('10','4');
REM INSERTING into PAULO.VENDEDOR
SET DEFINE OFF;
Insert into PAULO.VENDEDOR (COD_VENDEDOR,FK_COD_PF,FK_COD_PJ,MATRICULA,COMISSAO) values ('4','1002',null,'0152','456');
Insert into PAULO.VENDEDOR (COD_VENDEDOR,FK_COD_PF,FK_COD_PJ,MATRICULA,COMISSAO) values ('5','1003',null,'332','12');
Insert into PAULO.VENDEDOR (COD_VENDEDOR,FK_COD_PF,FK_COD_PJ,MATRICULA,COMISSAO) values ('1','1',null,null,null);
Insert into PAULO.VENDEDOR (COD_VENDEDOR,FK_COD_PF,FK_COD_PJ,MATRICULA,COMISSAO) values ('6','1004',null,'122','26');
Insert into PAULO.VENDEDOR (COD_VENDEDOR,FK_COD_PF,FK_COD_PJ,MATRICULA,COMISSAO) values ('21','1005',null,'2123','90');
REM INSERTING into PAULO.ZONA_ENTREGA
SET DEFINE OFF;
Insert into PAULO.ZONA_ENTREGA (COD_ZN_ENTREGA,NOME_REGIAO) values ('1','Sul');
Insert into PAULO.ZONA_ENTREGA (COD_ZN_ENTREGA,NOME_REGIAO) values ('2','Norte');
Insert into PAULO.ZONA_ENTREGA (COD_ZN_ENTREGA,NOME_REGIAO) values ('3','Leste');
Insert into PAULO.ZONA_ENTREGA (COD_ZN_ENTREGA,NOME_REGIAO) values ('4','Oeste');
Insert into PAULO.ZONA_ENTREGA (COD_ZN_ENTREGA,NOME_REGIAO) values ('5','Centro');
--------------------------------------------------------
--  DDL for Index SYS_C008230
--------------------------------------------------------

  CREATE UNIQUE INDEX "PAULO"."SYS_C008230" ON "PAULO"."BAIRRO" ("COD_BAIRRO") 
  PCTFREE 10 INITRANS 2 MAXTRANS 255 COMPUTE STATISTICS 
  STORAGE(INITIAL 65536 NEXT 1048576 MINEXTENTS 1 MAXEXTENTS 2147483645
  PCTINCREASE 0 FREELISTS 1 FREELIST GROUPS 1
  BUFFER_POOL DEFAULT FLASH_CACHE DEFAULT CELL_FLASH_CACHE DEFAULT)
  TABLESPACE "USERS" ;
--------------------------------------------------------
--  DDL for Index SYS_C008234
--------------------------------------------------------

  CREATE UNIQUE INDEX "PAULO"."SYS_C008234" ON "PAULO"."CEP" ("COD_CEP") 
  PCTFREE 10 INITRANS 2 MAXTRANS 255 COMPUTE STATISTICS 
  STORAGE(INITIAL 65536 NEXT 1048576 MINEXTENTS 1 MAXEXTENTS 2147483645
  PCTINCREASE 0 FREELISTS 1 FREELIST GROUPS 1
  BUFFER_POOL DEFAULT FLASH_CACHE DEFAULT CELL_FLASH_CACHE DEFAULT)
  TABLESPACE "USERS" ;
--------------------------------------------------------
--  DDL for Index UNIQUE_CEP_BAIRRO
--------------------------------------------------------

  CREATE UNIQUE INDEX "PAULO"."UNIQUE_CEP_BAIRRO" ON "PAULO"."CEP" ("CEP", "FK_COD_BAIRRO") 
  PCTFREE 10 INITRANS 2 MAXTRANS 255 COMPUTE STATISTICS 
  STORAGE(INITIAL 65536 NEXT 1048576 MINEXTENTS 1 MAXEXTENTS 2147483645
  PCTINCREASE 0 FREELISTS 1 FREELIST GROUPS 1
  BUFFER_POOL DEFAULT FLASH_CACHE DEFAULT CELL_FLASH_CACHE DEFAULT)
  TABLESPACE "USERS" ;
--------------------------------------------------------
--  DDL for Index SYS_C008225
--------------------------------------------------------

  CREATE UNIQUE INDEX "PAULO"."SYS_C008225" ON "PAULO"."CIDADE" ("COD_CIDADE") 
  PCTFREE 10 INITRANS 2 MAXTRANS 255 COMPUTE STATISTICS 
  STORAGE(INITIAL 65536 NEXT 1048576 MINEXTENTS 1 MAXEXTENTS 2147483645
  PCTINCREASE 0 FREELISTS 1 FREELIST GROUPS 1
  BUFFER_POOL DEFAULT FLASH_CACHE DEFAULT CELL_FLASH_CACHE DEFAULT)
  TABLESPACE "USERS" ;
--------------------------------------------------------
--  DDL for Index UNIQUE_CIDADE_ESTADO
--------------------------------------------------------

  CREATE UNIQUE INDEX "PAULO"."UNIQUE_CIDADE_ESTADO" ON "PAULO"."CIDADE" ("CIDADE", "FK_COD_ESTADO") 
  PCTFREE 10 INITRANS 2 MAXTRANS 255 COMPUTE STATISTICS 
  STORAGE(INITIAL 65536 NEXT 1048576 MINEXTENTS 1 MAXEXTENTS 2147483645
  PCTINCREASE 0 FREELISTS 1 FREELIST GROUPS 1
  BUFFER_POOL DEFAULT FLASH_CACHE DEFAULT CELL_FLASH_CACHE DEFAULT)
  TABLESPACE "USERS" ;
--------------------------------------------------------
--  DDL for Index SYS_C008293
--------------------------------------------------------

  CREATE UNIQUE INDEX "PAULO"."SYS_C008293" ON "PAULO"."CLIENTE" ("COD_CLIENTE") 
  PCTFREE 10 INITRANS 2 MAXTRANS 255 COMPUTE STATISTICS 
  STORAGE(INITIAL 65536 NEXT 1048576 MINEXTENTS 1 MAXEXTENTS 2147483645
  PCTINCREASE 0 FREELISTS 1 FREELIST GROUPS 1
  BUFFER_POOL DEFAULT FLASH_CACHE DEFAULT CELL_FLASH_CACHE DEFAULT)
  TABLESPACE "USERS" ;
--------------------------------------------------------
--  DDL for Index SYS_C008256
--------------------------------------------------------

  CREATE UNIQUE INDEX "PAULO"."SYS_C008256" ON "PAULO"."EMAIL" ("COD_EMAIL") 
  PCTFREE 10 INITRANS 2 MAXTRANS 255 COMPUTE STATISTICS 
  STORAGE(INITIAL 65536 NEXT 1048576 MINEXTENTS 1 MAXEXTENTS 2147483645
  PCTINCREASE 0 FREELISTS 1 FREELIST GROUPS 1
  BUFFER_POOL DEFAULT FLASH_CACHE DEFAULT CELL_FLASH_CACHE DEFAULT)
  TABLESPACE "USERS" ;
--------------------------------------------------------
--  DDL for Index SYS_C008257
--------------------------------------------------------

  CREATE UNIQUE INDEX "PAULO"."SYS_C008257" ON "PAULO"."EMAIL" ("EMAIL") 
  PCTFREE 10 INITRANS 2 MAXTRANS 255 COMPUTE STATISTICS 
  STORAGE(INITIAL 65536 NEXT 1048576 MINEXTENTS 1 MAXEXTENTS 2147483645
  PCTINCREASE 0 FREELISTS 1 FREELIST GROUPS 1
  BUFFER_POOL DEFAULT FLASH_CACHE DEFAULT CELL_FLASH_CACHE DEFAULT)
  TABLESPACE "USERS" ;
--------------------------------------------------------
--  DDL for Index SYS_C008244
--------------------------------------------------------

  CREATE UNIQUE INDEX "PAULO"."SYS_C008244" ON "PAULO"."ENDERECO" ("COD_ENDERECO") 
  PCTFREE 10 INITRANS 2 MAXTRANS 255 COMPUTE STATISTICS 
  STORAGE(INITIAL 65536 NEXT 1048576 MINEXTENTS 1 MAXEXTENTS 2147483645
  PCTINCREASE 0 FREELISTS 1 FREELIST GROUPS 1
  BUFFER_POOL DEFAULT FLASH_CACHE DEFAULT CELL_FLASH_CACHE DEFAULT)
  TABLESPACE "USERS" ;
--------------------------------------------------------
--  DDL for Index SYS_C008221
--------------------------------------------------------

  CREATE UNIQUE INDEX "PAULO"."SYS_C008221" ON "PAULO"."ESTADO" ("COD_ESTADO") 
  PCTFREE 10 INITRANS 2 MAXTRANS 255 COMPUTE STATISTICS 
  STORAGE(INITIAL 65536 NEXT 1048576 MINEXTENTS 1 MAXEXTENTS 2147483645
  PCTINCREASE 0 FREELISTS 1 FREELIST GROUPS 1
  BUFFER_POOL DEFAULT FLASH_CACHE DEFAULT CELL_FLASH_CACHE DEFAULT)
  TABLESPACE "USERS" ;
--------------------------------------------------------
--  DDL for Index SYS_C008321
--------------------------------------------------------

  CREATE UNIQUE INDEX "PAULO"."SYS_C008321" ON "PAULO"."FORMA_PAGAMENTO" ("COD_FORMA_PGTO") 
  PCTFREE 10 INITRANS 2 MAXTRANS 255 COMPUTE STATISTICS 
  STORAGE(INITIAL 65536 NEXT 1048576 MINEXTENTS 1 MAXEXTENTS 2147483645
  PCTINCREASE 0 FREELISTS 1 FREELIST GROUPS 1
  BUFFER_POOL DEFAULT FLASH_CACHE DEFAULT CELL_FLASH_CACHE DEFAULT)
  TABLESPACE "USERS" ;
--------------------------------------------------------
--  DDL for Index SYS_C008296
--------------------------------------------------------

  CREATE UNIQUE INDEX "PAULO"."SYS_C008296" ON "PAULO"."FORNECEDOR" ("COD_FORNECEDOR") 
  PCTFREE 10 INITRANS 2 MAXTRANS 255 COMPUTE STATISTICS 
  STORAGE(INITIAL 65536 NEXT 1048576 MINEXTENTS 1 MAXEXTENTS 2147483645
  PCTINCREASE 0 FREELISTS 1 FREELIST GROUPS 1
  BUFFER_POOL DEFAULT FLASH_CACHE DEFAULT CELL_FLASH_CACHE DEFAULT)
  TABLESPACE "USERS" ;
--------------------------------------------------------
--  DDL for Index SYS_C008375
--------------------------------------------------------

  CREATE UNIQUE INDEX "PAULO"."SYS_C008375" ON "PAULO"."FUNCIONARIO" ("COD_FUNCIONARIO") 
  PCTFREE 10 INITRANS 2 MAXTRANS 255 COMPUTE STATISTICS 
  STORAGE(INITIAL 65536 NEXT 1048576 MINEXTENTS 1 MAXEXTENTS 2147483645
  PCTINCREASE 0 FREELISTS 1 FREELIST GROUPS 1
  BUFFER_POOL DEFAULT FLASH_CACHE DEFAULT CELL_FLASH_CACHE DEFAULT)
  TABLESPACE "USERS" ;
--------------------------------------------------------
--  DDL for Index SYS_C008376
--------------------------------------------------------

  CREATE UNIQUE INDEX "PAULO"."SYS_C008376" ON "PAULO"."FUNCIONARIO" ("FK_COD_PF") 
  PCTFREE 10 INITRANS 2 MAXTRANS 255 COMPUTE STATISTICS 
  STORAGE(INITIAL 65536 NEXT 1048576 MINEXTENTS 1 MAXEXTENTS 2147483645
  PCTINCREASE 0 FREELISTS 1 FREELIST GROUPS 1
  BUFFER_POOL DEFAULT FLASH_CACHE DEFAULT CELL_FLASH_CACHE DEFAULT)
  TABLESPACE "USERS" ;
--------------------------------------------------------
--  DDL for Index SYS_C008339
--------------------------------------------------------

  CREATE UNIQUE INDEX "PAULO"."SYS_C008339" ON "PAULO"."MATERIA_PRIMA" ("COD_MATERIA_PRIMA") 
  PCTFREE 10 INITRANS 2 MAXTRANS 255 COMPUTE STATISTICS 
  STORAGE(INITIAL 65536 NEXT 1048576 MINEXTENTS 1 MAXEXTENTS 2147483645
  PCTINCREASE 0 FREELISTS 1 FREELIST GROUPS 1
  BUFFER_POOL DEFAULT FLASH_CACHE DEFAULT CELL_FLASH_CACHE DEFAULT)
  TABLESPACE "USERS" ;
--------------------------------------------------------
--  DDL for Index SYS_C008326
--------------------------------------------------------

  CREATE UNIQUE INDEX "PAULO"."SYS_C008326" ON "PAULO"."PAGAMENTO" ("COD_PAGAMENTO") 
  PCTFREE 10 INITRANS 2 MAXTRANS 255 COMPUTE STATISTICS 
  STORAGE(INITIAL 65536 NEXT 1048576 MINEXTENTS 1 MAXEXTENTS 2147483645
  PCTINCREASE 0 FREELISTS 1 FREELIST GROUPS 1
  BUFFER_POOL DEFAULT FLASH_CACHE DEFAULT CELL_FLASH_CACHE DEFAULT)
  TABLESPACE "USERS" ;
--------------------------------------------------------
--  DDL for Index PK_PAGAMENTO_TIPO
--------------------------------------------------------

  CREATE UNIQUE INDEX "PAULO"."PK_PAGAMENTO_TIPO" ON "PAULO"."PAGAMENTO_TIPO_PAGAMENTO" ("FK_COD_PAGAMENTO", "FK_COD_TIPO_PAGAMENTO") 
  PCTFREE 10 INITRANS 2 MAXTRANS 255 COMPUTE STATISTICS 
  STORAGE(INITIAL 65536 NEXT 1048576 MINEXTENTS 1 MAXEXTENTS 2147483645
  PCTINCREASE 0 FREELISTS 1 FREELIST GROUPS 1
  BUFFER_POOL DEFAULT FLASH_CACHE DEFAULT CELL_FLASH_CACHE DEFAULT)
  TABLESPACE "USERS" ;
--------------------------------------------------------
--  DDL for Index SYS_C008348
--------------------------------------------------------

  CREATE UNIQUE INDEX "PAULO"."SYS_C008348" ON "PAULO"."PECA" ("COD_PECA") 
  PCTFREE 10 INITRANS 2 MAXTRANS 255 COMPUTE STATISTICS 
  STORAGE(INITIAL 65536 NEXT 1048576 MINEXTENTS 1 MAXEXTENTS 2147483645
  PCTINCREASE 0 FREELISTS 1 FREELIST GROUPS 1
  BUFFER_POOL DEFAULT FLASH_CACHE DEFAULT CELL_FLASH_CACHE DEFAULT)
  TABLESPACE "USERS" ;
--------------------------------------------------------
--  DDL for Index PK_PECA_MATERIA_PRIMA
--------------------------------------------------------

  CREATE UNIQUE INDEX "PAULO"."PK_PECA_MATERIA_PRIMA" ON "PAULO"."PECA_MATERIA_PRIMA" ("FK_COD_PECA", "FK_COD_MATERIA_PRIMA") 
  PCTFREE 10 INITRANS 2 MAXTRANS 255 COMPUTE STATISTICS 
  TABLESPACE "USERS" ;
--------------------------------------------------------
--  DDL for Index SYS_C008306
--------------------------------------------------------

  CREATE UNIQUE INDEX "PAULO"."SYS_C008306" ON "PAULO"."PEDIDO" ("COD_PEDIDO") 
  PCTFREE 10 INITRANS 2 MAXTRANS 255 COMPUTE STATISTICS 
  STORAGE(INITIAL 65536 NEXT 1048576 MINEXTENTS 1 MAXEXTENTS 2147483645
  PCTINCREASE 0 FREELISTS 1 FREELIST GROUPS 1
  BUFFER_POOL DEFAULT FLASH_CACHE DEFAULT CELL_FLASH_CACHE DEFAULT)
  TABLESPACE "USERS" ;
--------------------------------------------------------
--  DDL for Index PK_PEDIDO_PECA
--------------------------------------------------------

  CREATE UNIQUE INDEX "PAULO"."PK_PEDIDO_PECA" ON "PAULO"."PEDIDO_PECA" ("FK_COD_PEDIDO", "FK_COD_PECA") 
  PCTFREE 10 INITRANS 2 MAXTRANS 255 COMPUTE STATISTICS 
  TABLESPACE "USERS" ;
--------------------------------------------------------
--  DDL for Index SYS_C008259
--------------------------------------------------------

  CREATE UNIQUE INDEX "PAULO"."SYS_C008259" ON "PAULO"."PESSOA" ("COD_PESSOA") 
  PCTFREE 10 INITRANS 2 MAXTRANS 255 COMPUTE STATISTICS 
  STORAGE(INITIAL 65536 NEXT 1048576 MINEXTENTS 1 MAXEXTENTS 2147483645
  PCTINCREASE 0 FREELISTS 1 FREELIST GROUPS 1
  BUFFER_POOL DEFAULT FLASH_CACHE DEFAULT CELL_FLASH_CACHE DEFAULT)
  TABLESPACE "USERS" ;
--------------------------------------------------------
--  DDL for Index PK_PESSOA_EMAIL
--------------------------------------------------------

  CREATE UNIQUE INDEX "PAULO"."PK_PESSOA_EMAIL" ON "PAULO"."PESSOA_EMAIL" ("FK_COD_PESSOA", "FK_COD_EMAIL") 
  PCTFREE 10 INITRANS 2 MAXTRANS 255 COMPUTE STATISTICS 
  STORAGE(INITIAL 65536 NEXT 1048576 MINEXTENTS 1 MAXEXTENTS 2147483645
  PCTINCREASE 0 FREELISTS 1 FREELIST GROUPS 1
  BUFFER_POOL DEFAULT FLASH_CACHE DEFAULT CELL_FLASH_CACHE DEFAULT)
  TABLESPACE "USERS" ;
--------------------------------------------------------
--  DDL for Index PK_PESSOA_ENDERECO
--------------------------------------------------------

  CREATE UNIQUE INDEX "PAULO"."PK_PESSOA_ENDERECO" ON "PAULO"."PESSOA_ENDERECO" ("FK_COD_PESSOA", "FK_COD_ENDERECO") 
  PCTFREE 10 INITRANS 2 MAXTRANS 255 COMPUTE STATISTICS 
  STORAGE(INITIAL 65536 NEXT 1048576 MINEXTENTS 1 MAXEXTENTS 2147483645
  PCTINCREASE 0 FREELISTS 1 FREELIST GROUPS 1
  BUFFER_POOL DEFAULT FLASH_CACHE DEFAULT CELL_FLASH_CACHE DEFAULT)
  TABLESPACE "USERS" ;
--------------------------------------------------------
--  DDL for Index SYS_C008265
--------------------------------------------------------

  CREATE UNIQUE INDEX "PAULO"."SYS_C008265" ON "PAULO"."PESSOA_FISICA" ("COD_PF") 
  PCTFREE 10 INITRANS 2 MAXTRANS 255 COMPUTE STATISTICS 
  STORAGE(INITIAL 65536 NEXT 1048576 MINEXTENTS 1 MAXEXTENTS 2147483645
  PCTINCREASE 0 FREELISTS 1 FREELIST GROUPS 1
  BUFFER_POOL DEFAULT FLASH_CACHE DEFAULT CELL_FLASH_CACHE DEFAULT)
  TABLESPACE "USERS" ;
--------------------------------------------------------
--  DDL for Index SYS_C008266
--------------------------------------------------------

  CREATE UNIQUE INDEX "PAULO"."SYS_C008266" ON "PAULO"."PESSOA_FISICA" ("CPF") 
  PCTFREE 10 INITRANS 2 MAXTRANS 255 COMPUTE STATISTICS 
  STORAGE(INITIAL 65536 NEXT 1048576 MINEXTENTS 1 MAXEXTENTS 2147483645
  PCTINCREASE 0 FREELISTS 1 FREELIST GROUPS 1
  BUFFER_POOL DEFAULT FLASH_CACHE DEFAULT CELL_FLASH_CACHE DEFAULT)
  TABLESPACE "USERS" ;
--------------------------------------------------------
--  DDL for Index SYS_C008270
--------------------------------------------------------

  CREATE UNIQUE INDEX "PAULO"."SYS_C008270" ON "PAULO"."PESSOA_JURIDICA" ("COD_PJ") 
  PCTFREE 10 INITRANS 2 MAXTRANS 255 COMPUTE STATISTICS 
  STORAGE(INITIAL 65536 NEXT 1048576 MINEXTENTS 1 MAXEXTENTS 2147483645
  PCTINCREASE 0 FREELISTS 1 FREELIST GROUPS 1
  BUFFER_POOL DEFAULT FLASH_CACHE DEFAULT CELL_FLASH_CACHE DEFAULT)
  TABLESPACE "USERS" ;
--------------------------------------------------------
--  DDL for Index SYS_C008271
--------------------------------------------------------

  CREATE UNIQUE INDEX "PAULO"."SYS_C008271" ON "PAULO"."PESSOA_JURIDICA" ("CNPJ") 
  PCTFREE 10 INITRANS 2 MAXTRANS 255 COMPUTE STATISTICS 
  STORAGE(INITIAL 65536 NEXT 1048576 MINEXTENTS 1 MAXEXTENTS 2147483645
  PCTINCREASE 0 FREELISTS 1 FREELIST GROUPS 1
  BUFFER_POOL DEFAULT FLASH_CACHE DEFAULT CELL_FLASH_CACHE DEFAULT)
  TABLESPACE "USERS" ;
--------------------------------------------------------
--  DDL for Index PK_PESSOA_TELEFONE
--------------------------------------------------------

  CREATE UNIQUE INDEX "PAULO"."PK_PESSOA_TELEFONE" ON "PAULO"."PESSOA_TELEFONE" ("FK_COD_PESSOA", "FK_COD_TELEFONE") 
  PCTFREE 10 INITRANS 2 MAXTRANS 255 COMPUTE STATISTICS 
  STORAGE(INITIAL 65536 NEXT 1048576 MINEXTENTS 1 MAXEXTENTS 2147483645
  PCTINCREASE 0 FREELISTS 1 FREELIST GROUPS 1
  BUFFER_POOL DEFAULT FLASH_CACHE DEFAULT CELL_FLASH_CACHE DEFAULT)
  TABLESPACE "USERS" ;
--------------------------------------------------------
--  DDL for Index SYS_C008253
--------------------------------------------------------

  CREATE UNIQUE INDEX "PAULO"."SYS_C008253" ON "PAULO"."TELEFONE" ("COD_TEL") 
  PCTFREE 10 INITRANS 2 MAXTRANS 255 COMPUTE STATISTICS 
  STORAGE(INITIAL 65536 NEXT 1048576 MINEXTENTS 1 MAXEXTENTS 2147483645
  PCTINCREASE 0 FREELISTS 1 FREELIST GROUPS 1
  BUFFER_POOL DEFAULT FLASH_CACHE DEFAULT CELL_FLASH_CACHE DEFAULT)
  TABLESPACE "USERS" ;
--------------------------------------------------------
--  DDL for Index SYS_C008335
--------------------------------------------------------

  CREATE UNIQUE INDEX "PAULO"."SYS_C008335" ON "PAULO"."TIPO_DE_MEDIDA" ("COD_TIPO_MEDIDA") 
  PCTFREE 10 INITRANS 2 MAXTRANS 255 COMPUTE STATISTICS 
  STORAGE(INITIAL 65536 NEXT 1048576 MINEXTENTS 1 MAXEXTENTS 2147483645
  PCTINCREASE 0 FREELISTS 1 FREELIST GROUPS 1
  BUFFER_POOL DEFAULT FLASH_CACHE DEFAULT CELL_FLASH_CACHE DEFAULT)
  TABLESPACE "USERS" ;
--------------------------------------------------------
--  DDL for Index SYS_C008238
--------------------------------------------------------

  CREATE UNIQUE INDEX "PAULO"."SYS_C008238" ON "PAULO"."TIPO_ENDERECO" ("COD_TIPO_END") 
  PCTFREE 10 INITRANS 2 MAXTRANS 255 COMPUTE STATISTICS 
  STORAGE(INITIAL 65536 NEXT 1048576 MINEXTENTS 1 MAXEXTENTS 2147483645
  PCTINCREASE 0 FREELISTS 1 FREELIST GROUPS 1
  BUFFER_POOL DEFAULT FLASH_CACHE DEFAULT CELL_FLASH_CACHE DEFAULT)
  TABLESPACE "USERS" ;
--------------------------------------------------------
--  DDL for Index SYS_C008319
--------------------------------------------------------

  CREATE UNIQUE INDEX "PAULO"."SYS_C008319" ON "PAULO"."TIPO_PAGAMENTO" ("COD_TIPO_PGTO") 
  PCTFREE 10 INITRANS 2 MAXTRANS 255 COMPUTE STATISTICS 
  STORAGE(INITIAL 65536 NEXT 1048576 MINEXTENTS 1 MAXEXTENTS 2147483645
  PCTINCREASE 0 FREELISTS 1 FREELIST GROUPS 1
  BUFFER_POOL DEFAULT FLASH_CACHE DEFAULT CELL_FLASH_CACHE DEFAULT)
  TABLESPACE "USERS" ;
--------------------------------------------------------
--  DDL for Index SYS_C008248
--------------------------------------------------------

  CREATE UNIQUE INDEX "PAULO"."SYS_C008248" ON "PAULO"."TIPO_TELEFONE" ("COD_TIPO_TEL") 
  PCTFREE 10 INITRANS 2 MAXTRANS 255 COMPUTE STATISTICS 
  STORAGE(INITIAL 65536 NEXT 1048576 MINEXTENTS 1 MAXEXTENTS 2147483645
  PCTINCREASE 0 FREELISTS 1 FREELIST GROUPS 1
  BUFFER_POOL DEFAULT FLASH_CACHE DEFAULT CELL_FLASH_CACHE DEFAULT)
  TABLESPACE "USERS" ;
--------------------------------------------------------
--  DDL for Index SYS_C008249
--------------------------------------------------------

  CREATE UNIQUE INDEX "PAULO"."SYS_C008249" ON "PAULO"."TIPO_TELEFONE" ("DS_TEL") 
  PCTFREE 10 INITRANS 2 MAXTRANS 255 COMPUTE STATISTICS 
  STORAGE(INITIAL 65536 NEXT 1048576 MINEXTENTS 1 MAXEXTENTS 2147483645
  PCTINCREASE 0 FREELISTS 1 FREELIST GROUPS 1
  BUFFER_POOL DEFAULT FLASH_CACHE DEFAULT CELL_FLASH_CACHE DEFAULT)
  TABLESPACE "USERS" ;
--------------------------------------------------------
--  DDL for Index SYS_C008299
--------------------------------------------------------

  CREATE UNIQUE INDEX "PAULO"."SYS_C008299" ON "PAULO"."TRANSPORTADORA" ("COD_TRANSPORTADORA") 
  PCTFREE 10 INITRANS 2 MAXTRANS 255 COMPUTE STATISTICS 
  STORAGE(INITIAL 65536 NEXT 1048576 MINEXTENTS 1 MAXEXTENTS 2147483645
  PCTINCREASE 0 FREELISTS 1 FREELIST GROUPS 1
  BUFFER_POOL DEFAULT FLASH_CACHE DEFAULT CELL_FLASH_CACHE DEFAULT)
  TABLESPACE "USERS" ;
--------------------------------------------------------
--  DDL for Index PK_TRANSPORTADORA_ZONA_ENTREGA
--------------------------------------------------------

  CREATE UNIQUE INDEX "PAULO"."PK_TRANSPORTADORA_ZONA_ENTREGA" ON "PAULO"."TRANSPORTADORA_ZONA_ENTREGA" ("FK_COD_TRANSPORTADORA", "FK_COD_ZN_ENTREGA") 
  PCTFREE 10 INITRANS 2 MAXTRANS 255 COMPUTE STATISTICS 
  STORAGE(INITIAL 65536 NEXT 1048576 MINEXTENTS 1 MAXEXTENTS 2147483645
  PCTINCREASE 0 FREELISTS 1 FREELIST GROUPS 1
  BUFFER_POOL DEFAULT FLASH_CACHE DEFAULT CELL_FLASH_CACHE DEFAULT)
  TABLESPACE "USERS" ;
--------------------------------------------------------
--  DDL for Index SYS_C008289
--------------------------------------------------------

  CREATE UNIQUE INDEX "PAULO"."SYS_C008289" ON "PAULO"."VENDEDOR" ("COD_VENDEDOR") 
  PCTFREE 10 INITRANS 2 MAXTRANS 255 COMPUTE STATISTICS 
  STORAGE(INITIAL 65536 NEXT 1048576 MINEXTENTS 1 MAXEXTENTS 2147483645
  PCTINCREASE 0 FREELISTS 1 FREELIST GROUPS 1
  BUFFER_POOL DEFAULT FLASH_CACHE DEFAULT CELL_FLASH_CACHE DEFAULT)
  TABLESPACE "USERS" ;
--------------------------------------------------------
--  DDL for Index SYS_C008311
--------------------------------------------------------

  CREATE UNIQUE INDEX "PAULO"."SYS_C008311" ON "PAULO"."ZONA_ENTREGA" ("COD_ZN_ENTREGA") 
  PCTFREE 10 INITRANS 2 MAXTRANS 255 COMPUTE STATISTICS 
  STORAGE(INITIAL 65536 NEXT 1048576 MINEXTENTS 1 MAXEXTENTS 2147483645
  PCTINCREASE 0 FREELISTS 1 FREELIST GROUPS 1
  BUFFER_POOL DEFAULT FLASH_CACHE DEFAULT CELL_FLASH_CACHE DEFAULT)
  TABLESPACE "USERS" ;
--------------------------------------------------------
--  Constraints for Table BAIRRO
--------------------------------------------------------

  ALTER TABLE "PAULO"."BAIRRO" MODIFY ("BAIRRO" NOT NULL ENABLE);
  ALTER TABLE "PAULO"."BAIRRO" ADD CONSTRAINT "CHECK_BAIRRO_CIDADE" CHECK (
        (BAIRRO IS NULL AND FK_COD_CIDADE IS NULL)
        OR
        (BAIRRO IS NOT NULL AND FK_COD_CIDADE IS NOT NULL)
    ) ENABLE;
  ALTER TABLE "PAULO"."BAIRRO" ADD PRIMARY KEY ("COD_BAIRRO")
  USING INDEX PCTFREE 10 INITRANS 2 MAXTRANS 255 COMPUTE STATISTICS 
  STORAGE(INITIAL 65536 NEXT 1048576 MINEXTENTS 1 MAXEXTENTS 2147483645
  PCTINCREASE 0 FREELISTS 1 FREELIST GROUPS 1
  BUFFER_POOL DEFAULT FLASH_CACHE DEFAULT CELL_FLASH_CACHE DEFAULT)
  TABLESPACE "USERS"  ENABLE;
--------------------------------------------------------
--  Constraints for Table CEP
--------------------------------------------------------

  ALTER TABLE "PAULO"."CEP" MODIFY ("CEP" NOT NULL ENABLE);
  ALTER TABLE "PAULO"."CEP" ADD CONSTRAINT "CHECK_CEP_BAIRRO" CHECK (
        (CEP IS NULL AND FK_COD_BAIRRO IS NULL)
        OR
        (CEP IS NOT NULL AND FK_COD_BAIRRO IS NOT NULL)
    ) ENABLE;
  ALTER TABLE "PAULO"."CEP" ADD PRIMARY KEY ("COD_CEP")
  USING INDEX PCTFREE 10 INITRANS 2 MAXTRANS 255 COMPUTE STATISTICS 
  STORAGE(INITIAL 65536 NEXT 1048576 MINEXTENTS 1 MAXEXTENTS 2147483645
  PCTINCREASE 0 FREELISTS 1 FREELIST GROUPS 1
  BUFFER_POOL DEFAULT FLASH_CACHE DEFAULT CELL_FLASH_CACHE DEFAULT)
  TABLESPACE "USERS"  ENABLE;
  ALTER TABLE "PAULO"."CEP" ADD CONSTRAINT "UNIQUE_CEP_BAIRRO" UNIQUE ("CEP", "FK_COD_BAIRRO")
  USING INDEX PCTFREE 10 INITRANS 2 MAXTRANS 255 COMPUTE STATISTICS 
  STORAGE(INITIAL 65536 NEXT 1048576 MINEXTENTS 1 MAXEXTENTS 2147483645
  PCTINCREASE 0 FREELISTS 1 FREELIST GROUPS 1
  BUFFER_POOL DEFAULT FLASH_CACHE DEFAULT CELL_FLASH_CACHE DEFAULT)
  TABLESPACE "USERS"  ENABLE;
--------------------------------------------------------
--  Constraints for Table CIDADE
--------------------------------------------------------

  ALTER TABLE "PAULO"."CIDADE" MODIFY ("CIDADE" NOT NULL ENABLE);
  ALTER TABLE "PAULO"."CIDADE" ADD CONSTRAINT "CHECK_CIDADE_ESTADO" CHECK (
        (CIDADE IS NULL AND FK_COD_ESTADO IS NULL)
        OR
        (CIDADE IS NOT NULL AND FK_COD_ESTADO IS NOT NULL)
    ) ENABLE;
  ALTER TABLE "PAULO"."CIDADE" ADD PRIMARY KEY ("COD_CIDADE")
  USING INDEX PCTFREE 10 INITRANS 2 MAXTRANS 255 COMPUTE STATISTICS 
  STORAGE(INITIAL 65536 NEXT 1048576 MINEXTENTS 1 MAXEXTENTS 2147483645
  PCTINCREASE 0 FREELISTS 1 FREELIST GROUPS 1
  BUFFER_POOL DEFAULT FLASH_CACHE DEFAULT CELL_FLASH_CACHE DEFAULT)
  TABLESPACE "USERS"  ENABLE;
  ALTER TABLE "PAULO"."CIDADE" ADD CONSTRAINT "UNIQUE_CIDADE_ESTADO" UNIQUE ("CIDADE", "FK_COD_ESTADO")
  USING INDEX PCTFREE 10 INITRANS 2 MAXTRANS 255 COMPUTE STATISTICS 
  STORAGE(INITIAL 65536 NEXT 1048576 MINEXTENTS 1 MAXEXTENTS 2147483645
  PCTINCREASE 0 FREELISTS 1 FREELIST GROUPS 1
  BUFFER_POOL DEFAULT FLASH_CACHE DEFAULT CELL_FLASH_CACHE DEFAULT)
  TABLESPACE "USERS"  ENABLE;
--------------------------------------------------------
--  Constraints for Table CLIENTE
--------------------------------------------------------

  ALTER TABLE "PAULO"."CLIENTE" MODIFY ("FK_COD_PJ" NOT NULL ENABLE);
  ALTER TABLE "PAULO"."CLIENTE" ADD PRIMARY KEY ("COD_CLIENTE")
  USING INDEX PCTFREE 10 INITRANS 2 MAXTRANS 255 COMPUTE STATISTICS 
  STORAGE(INITIAL 65536 NEXT 1048576 MINEXTENTS 1 MAXEXTENTS 2147483645
  PCTINCREASE 0 FREELISTS 1 FREELIST GROUPS 1
  BUFFER_POOL DEFAULT FLASH_CACHE DEFAULT CELL_FLASH_CACHE DEFAULT)
  TABLESPACE "USERS"  ENABLE;
--------------------------------------------------------
--  Constraints for Table EMAIL
--------------------------------------------------------

  ALTER TABLE "PAULO"."EMAIL" MODIFY ("EMAIL" NOT NULL ENABLE);
  ALTER TABLE "PAULO"."EMAIL" ADD PRIMARY KEY ("COD_EMAIL")
  USING INDEX PCTFREE 10 INITRANS 2 MAXTRANS 255 COMPUTE STATISTICS 
  STORAGE(INITIAL 65536 NEXT 1048576 MINEXTENTS 1 MAXEXTENTS 2147483645
  PCTINCREASE 0 FREELISTS 1 FREELIST GROUPS 1
  BUFFER_POOL DEFAULT FLASH_CACHE DEFAULT CELL_FLASH_CACHE DEFAULT)
  TABLESPACE "USERS"  ENABLE;
  ALTER TABLE "PAULO"."EMAIL" ADD UNIQUE ("EMAIL")
  USING INDEX PCTFREE 10 INITRANS 2 MAXTRANS 255 COMPUTE STATISTICS 
  STORAGE(INITIAL 65536 NEXT 1048576 MINEXTENTS 1 MAXEXTENTS 2147483645
  PCTINCREASE 0 FREELISTS 1 FREELIST GROUPS 1
  BUFFER_POOL DEFAULT FLASH_CACHE DEFAULT CELL_FLASH_CACHE DEFAULT)
  TABLESPACE "USERS"  ENABLE;
--------------------------------------------------------
--  Constraints for Table ENDERECO
--------------------------------------------------------

  ALTER TABLE "PAULO"."ENDERECO" MODIFY ("LOG" NOT NULL ENABLE);
  ALTER TABLE "PAULO"."ENDERECO" MODIFY ("NR_LOG" NOT NULL ENABLE);
  ALTER TABLE "PAULO"."ENDERECO" MODIFY ("FK_COD_TIPO_END" NOT NULL ENABLE);
  ALTER TABLE "PAULO"."ENDERECO" ADD CONSTRAINT "CHECK_ENDERECO" CHECK (
        (LOG IS NULL AND DS_LOG IS NULL AND NR_LOG IS NULL AND FK_COD_CEP IS NULL AND FK_COD_TIPO_END IS NULL)
        OR
        (LOG IS NOT NULL AND DS_LOG IS NOT NULL AND NR_LOG IS NOT NULL AND FK_COD_CEP IS NOT NULL AND FK_COD_TIPO_END IS NOT NULL)
    ) ENABLE;
  ALTER TABLE "PAULO"."ENDERECO" ADD PRIMARY KEY ("COD_ENDERECO")
  USING INDEX PCTFREE 10 INITRANS 2 MAXTRANS 255 COMPUTE STATISTICS 
  STORAGE(INITIAL 65536 NEXT 1048576 MINEXTENTS 1 MAXEXTENTS 2147483645
  PCTINCREASE 0 FREELISTS 1 FREELIST GROUPS 1
  BUFFER_POOL DEFAULT FLASH_CACHE DEFAULT CELL_FLASH_CACHE DEFAULT)
  TABLESPACE "USERS"  ENABLE;
--------------------------------------------------------
--  Constraints for Table ESTADO
--------------------------------------------------------

  ALTER TABLE "PAULO"."ESTADO" MODIFY ("ESTADO" NOT NULL ENABLE);
  ALTER TABLE "PAULO"."ESTADO" ADD PRIMARY KEY ("COD_ESTADO")
  USING INDEX PCTFREE 10 INITRANS 2 MAXTRANS 255 COMPUTE STATISTICS 
  STORAGE(INITIAL 65536 NEXT 1048576 MINEXTENTS 1 MAXEXTENTS 2147483645
  PCTINCREASE 0 FREELISTS 1 FREELIST GROUPS 1
  BUFFER_POOL DEFAULT FLASH_CACHE DEFAULT CELL_FLASH_CACHE DEFAULT)
  TABLESPACE "USERS"  ENABLE;
--------------------------------------------------------
--  Constraints for Table FORMA_PAGAMENTO
--------------------------------------------------------

  ALTER TABLE "PAULO"."FORMA_PAGAMENTO" MODIFY ("DS_FORMA" NOT NULL ENABLE);
  ALTER TABLE "PAULO"."FORMA_PAGAMENTO" ADD PRIMARY KEY ("COD_FORMA_PGTO")
  USING INDEX PCTFREE 10 INITRANS 2 MAXTRANS 255 COMPUTE STATISTICS 
  STORAGE(INITIAL 65536 NEXT 1048576 MINEXTENTS 1 MAXEXTENTS 2147483645
  PCTINCREASE 0 FREELISTS 1 FREELIST GROUPS 1
  BUFFER_POOL DEFAULT FLASH_CACHE DEFAULT CELL_FLASH_CACHE DEFAULT)
  TABLESPACE "USERS"  ENABLE;
--------------------------------------------------------
--  Constraints for Table FORNECEDOR
--------------------------------------------------------

  ALTER TABLE "PAULO"."FORNECEDOR" MODIFY ("FK_COD_PJ" NOT NULL ENABLE);
  ALTER TABLE "PAULO"."FORNECEDOR" ADD PRIMARY KEY ("COD_FORNECEDOR")
  USING INDEX PCTFREE 10 INITRANS 2 MAXTRANS 255 COMPUTE STATISTICS 
  STORAGE(INITIAL 65536 NEXT 1048576 MINEXTENTS 1 MAXEXTENTS 2147483645
  PCTINCREASE 0 FREELISTS 1 FREELIST GROUPS 1
  BUFFER_POOL DEFAULT FLASH_CACHE DEFAULT CELL_FLASH_CACHE DEFAULT)
  TABLESPACE "USERS"  ENABLE;
--------------------------------------------------------
--  Constraints for Table FUNCIONARIO
--------------------------------------------------------

  ALTER TABLE "PAULO"."FUNCIONARIO" MODIFY ("FK_COD_PF" NOT NULL ENABLE);
  ALTER TABLE "PAULO"."FUNCIONARIO" MODIFY ("CARGO" NOT NULL ENABLE);
  ALTER TABLE "PAULO"."FUNCIONARIO" MODIFY ("SALARIO" NOT NULL ENABLE);
  ALTER TABLE "PAULO"."FUNCIONARIO" MODIFY ("DEPARTAMENTO" NOT NULL ENABLE);
  ALTER TABLE "PAULO"."FUNCIONARIO" ADD PRIMARY KEY ("COD_FUNCIONARIO")
  USING INDEX PCTFREE 10 INITRANS 2 MAXTRANS 255 COMPUTE STATISTICS 
  STORAGE(INITIAL 65536 NEXT 1048576 MINEXTENTS 1 MAXEXTENTS 2147483645
  PCTINCREASE 0 FREELISTS 1 FREELIST GROUPS 1
  BUFFER_POOL DEFAULT FLASH_CACHE DEFAULT CELL_FLASH_CACHE DEFAULT)
  TABLESPACE "USERS"  ENABLE;
  ALTER TABLE "PAULO"."FUNCIONARIO" ADD UNIQUE ("FK_COD_PF")
  USING INDEX PCTFREE 10 INITRANS 2 MAXTRANS 255 COMPUTE STATISTICS 
  STORAGE(INITIAL 65536 NEXT 1048576 MINEXTENTS 1 MAXEXTENTS 2147483645
  PCTINCREASE 0 FREELISTS 1 FREELIST GROUPS 1
  BUFFER_POOL DEFAULT FLASH_CACHE DEFAULT CELL_FLASH_CACHE DEFAULT)
  TABLESPACE "USERS"  ENABLE;
--------------------------------------------------------
--  Constraints for Table MATERIA_PRIMA
--------------------------------------------------------

  ALTER TABLE "PAULO"."MATERIA_PRIMA" MODIFY ("DS_MATERIA" NOT NULL ENABLE);
  ALTER TABLE "PAULO"."MATERIA_PRIMA" MODIFY ("QTD_NECESSARIA" NOT NULL ENABLE);
  ALTER TABLE "PAULO"."MATERIA_PRIMA" MODIFY ("FK_COD_TIPO_MEDIDA" NOT NULL ENABLE);
  ALTER TABLE "PAULO"."MATERIA_PRIMA" ADD PRIMARY KEY ("COD_MATERIA_PRIMA")
  USING INDEX PCTFREE 10 INITRANS 2 MAXTRANS 255 COMPUTE STATISTICS 
  STORAGE(INITIAL 65536 NEXT 1048576 MINEXTENTS 1 MAXEXTENTS 2147483645
  PCTINCREASE 0 FREELISTS 1 FREELIST GROUPS 1
  BUFFER_POOL DEFAULT FLASH_CACHE DEFAULT CELL_FLASH_CACHE DEFAULT)
  TABLESPACE "USERS"  ENABLE;
--------------------------------------------------------
--  Constraints for Table PAGAMENTO
--------------------------------------------------------

  ALTER TABLE "PAULO"."PAGAMENTO" MODIFY ("DT_VENCIMENTO" NOT NULL ENABLE);
  ALTER TABLE "PAULO"."PAGAMENTO" MODIFY ("VALOR_TOTAL" NOT NULL ENABLE);
  ALTER TABLE "PAULO"."PAGAMENTO" MODIFY ("FK_COD_PEDIDO" NOT NULL ENABLE);
  ALTER TABLE "PAULO"."PAGAMENTO" MODIFY ("FK_COD_FORMA_PGTO" NOT NULL ENABLE);
  ALTER TABLE "PAULO"."PAGAMENTO" ADD PRIMARY KEY ("COD_PAGAMENTO")
  USING INDEX PCTFREE 10 INITRANS 2 MAXTRANS 255 COMPUTE STATISTICS 
  STORAGE(INITIAL 65536 NEXT 1048576 MINEXTENTS 1 MAXEXTENTS 2147483645
  PCTINCREASE 0 FREELISTS 1 FREELIST GROUPS 1
  BUFFER_POOL DEFAULT FLASH_CACHE DEFAULT CELL_FLASH_CACHE DEFAULT)
  TABLESPACE "USERS"  ENABLE;
--------------------------------------------------------
--  Constraints for Table PAGAMENTO_TIPO_PAGAMENTO
--------------------------------------------------------

  ALTER TABLE "PAULO"."PAGAMENTO_TIPO_PAGAMENTO" MODIFY ("FK_COD_PAGAMENTO" NOT NULL ENABLE);
  ALTER TABLE "PAULO"."PAGAMENTO_TIPO_PAGAMENTO" MODIFY ("FK_COD_TIPO_PAGAMENTO" NOT NULL ENABLE);
  ALTER TABLE "PAULO"."PAGAMENTO_TIPO_PAGAMENTO" ADD CONSTRAINT "PK_PAGAMENTO_TIPO" PRIMARY KEY ("FK_COD_PAGAMENTO", "FK_COD_TIPO_PAGAMENTO")
  USING INDEX PCTFREE 10 INITRANS 2 MAXTRANS 255 COMPUTE STATISTICS 
  STORAGE(INITIAL 65536 NEXT 1048576 MINEXTENTS 1 MAXEXTENTS 2147483645
  PCTINCREASE 0 FREELISTS 1 FREELIST GROUPS 1
  BUFFER_POOL DEFAULT FLASH_CACHE DEFAULT CELL_FLASH_CACHE DEFAULT)
  TABLESPACE "USERS"  ENABLE;
--------------------------------------------------------
--  Constraints for Table PECA
--------------------------------------------------------

  ALTER TABLE "PAULO"."PECA" MODIFY ("NOME_PECA" NOT NULL ENABLE);
  ALTER TABLE "PAULO"."PECA" MODIFY ("VLR_PECA" NOT NULL ENABLE);
  ALTER TABLE "PAULO"."PECA" MODIFY ("DS_PECA" NOT NULL ENABLE);
  ALTER TABLE "PAULO"."PECA" MODIFY ("COR_PECA" NOT NULL ENABLE);
  ALTER TABLE "PAULO"."PECA" MODIFY ("TAMANHO" NOT NULL ENABLE);
  ALTER TABLE "PAULO"."PECA" MODIFY ("DT_FABRICACAO" NOT NULL ENABLE);
  ALTER TABLE "PAULO"."PECA" MODIFY ("PRAZO_PROD_DIAS" NOT NULL ENABLE);
  ALTER TABLE "PAULO"."PECA" ADD PRIMARY KEY ("COD_PECA")
  USING INDEX PCTFREE 10 INITRANS 2 MAXTRANS 255 COMPUTE STATISTICS 
  STORAGE(INITIAL 65536 NEXT 1048576 MINEXTENTS 1 MAXEXTENTS 2147483645
  PCTINCREASE 0 FREELISTS 1 FREELIST GROUPS 1
  BUFFER_POOL DEFAULT FLASH_CACHE DEFAULT CELL_FLASH_CACHE DEFAULT)
  TABLESPACE "USERS"  ENABLE;
--------------------------------------------------------
--  Constraints for Table PECA_MATERIA_PRIMA
--------------------------------------------------------

  ALTER TABLE "PAULO"."PECA_MATERIA_PRIMA" MODIFY ("FK_COD_PECA" NOT NULL ENABLE);
  ALTER TABLE "PAULO"."PECA_MATERIA_PRIMA" MODIFY ("FK_COD_MATERIA_PRIMA" NOT NULL ENABLE);
  ALTER TABLE "PAULO"."PECA_MATERIA_PRIMA" ADD CONSTRAINT "PK_PECA_MATERIA_PRIMA" PRIMARY KEY ("FK_COD_PECA", "FK_COD_MATERIA_PRIMA")
  USING INDEX PCTFREE 10 INITRANS 2 MAXTRANS 255 COMPUTE STATISTICS 
  TABLESPACE "USERS"  ENABLE;
--------------------------------------------------------
--  Constraints for Table PEDIDO
--------------------------------------------------------

  ALTER TABLE "PAULO"."PEDIDO" MODIFY ("DT_PEDIDO" NOT NULL ENABLE);
  ALTER TABLE "PAULO"."PEDIDO" MODIFY ("QTD_PECA" NOT NULL ENABLE);
  ALTER TABLE "PAULO"."PEDIDO" MODIFY ("FK_COD_VENDEDOR" NOT NULL ENABLE);
  ALTER TABLE "PAULO"."PEDIDO" MODIFY ("FK_COD_CLIENTE" NOT NULL ENABLE);
  ALTER TABLE "PAULO"."PEDIDO" MODIFY ("FK_COD_TRANSPORTADORA" NOT NULL ENABLE);
  ALTER TABLE "PAULO"."PEDIDO" ADD PRIMARY KEY ("COD_PEDIDO")
  USING INDEX PCTFREE 10 INITRANS 2 MAXTRANS 255 COMPUTE STATISTICS 
  STORAGE(INITIAL 65536 NEXT 1048576 MINEXTENTS 1 MAXEXTENTS 2147483645
  PCTINCREASE 0 FREELISTS 1 FREELIST GROUPS 1
  BUFFER_POOL DEFAULT FLASH_CACHE DEFAULT CELL_FLASH_CACHE DEFAULT)
  TABLESPACE "USERS"  ENABLE;
--------------------------------------------------------
--  Constraints for Table PEDIDO_PECA
--------------------------------------------------------

  ALTER TABLE "PAULO"."PEDIDO_PECA" MODIFY ("FK_COD_PEDIDO" NOT NULL ENABLE);
  ALTER TABLE "PAULO"."PEDIDO_PECA" MODIFY ("FK_COD_PECA" NOT NULL ENABLE);
  ALTER TABLE "PAULO"."PEDIDO_PECA" ADD CONSTRAINT "PK_PEDIDO_PECA" PRIMARY KEY ("FK_COD_PEDIDO", "FK_COD_PECA")
  USING INDEX PCTFREE 10 INITRANS 2 MAXTRANS 255 COMPUTE STATISTICS 
  TABLESPACE "USERS"  ENABLE;
--------------------------------------------------------
--  Constraints for Table PESSOA
--------------------------------------------------------

  ALTER TABLE "PAULO"."PESSOA" MODIFY ("NOME_RAZAO_SOCIAL" NOT NULL ENABLE);
  ALTER TABLE "PAULO"."PESSOA" ADD PRIMARY KEY ("COD_PESSOA")
  USING INDEX PCTFREE 10 INITRANS 2 MAXTRANS 255 COMPUTE STATISTICS 
  STORAGE(INITIAL 65536 NEXT 1048576 MINEXTENTS 1 MAXEXTENTS 2147483645
  PCTINCREASE 0 FREELISTS 1 FREELIST GROUPS 1
  BUFFER_POOL DEFAULT FLASH_CACHE DEFAULT CELL_FLASH_CACHE DEFAULT)
  TABLESPACE "USERS"  ENABLE;
--------------------------------------------------------
--  Constraints for Table PESSOA_EMAIL
--------------------------------------------------------

  ALTER TABLE "PAULO"."PESSOA_EMAIL" MODIFY ("FK_COD_PESSOA" NOT NULL ENABLE);
  ALTER TABLE "PAULO"."PESSOA_EMAIL" MODIFY ("FK_COD_EMAIL" NOT NULL ENABLE);
  ALTER TABLE "PAULO"."PESSOA_EMAIL" ADD CONSTRAINT "PK_PESSOA_EMAIL" PRIMARY KEY ("FK_COD_PESSOA", "FK_COD_EMAIL")
  USING INDEX PCTFREE 10 INITRANS 2 MAXTRANS 255 COMPUTE STATISTICS 
  STORAGE(INITIAL 65536 NEXT 1048576 MINEXTENTS 1 MAXEXTENTS 2147483645
  PCTINCREASE 0 FREELISTS 1 FREELIST GROUPS 1
  BUFFER_POOL DEFAULT FLASH_CACHE DEFAULT CELL_FLASH_CACHE DEFAULT)
  TABLESPACE "USERS"  ENABLE;
--------------------------------------------------------
--  Constraints for Table PESSOA_ENDERECO
--------------------------------------------------------

  ALTER TABLE "PAULO"."PESSOA_ENDERECO" MODIFY ("FK_COD_PESSOA" NOT NULL ENABLE);
  ALTER TABLE "PAULO"."PESSOA_ENDERECO" MODIFY ("FK_COD_ENDERECO" NOT NULL ENABLE);
  ALTER TABLE "PAULO"."PESSOA_ENDERECO" ADD CONSTRAINT "PK_PESSOA_ENDERECO" PRIMARY KEY ("FK_COD_PESSOA", "FK_COD_ENDERECO")
  USING INDEX PCTFREE 10 INITRANS 2 MAXTRANS 255 COMPUTE STATISTICS 
  STORAGE(INITIAL 65536 NEXT 1048576 MINEXTENTS 1 MAXEXTENTS 2147483645
  PCTINCREASE 0 FREELISTS 1 FREELIST GROUPS 1
  BUFFER_POOL DEFAULT FLASH_CACHE DEFAULT CELL_FLASH_CACHE DEFAULT)
  TABLESPACE "USERS"  ENABLE;
--------------------------------------------------------
--  Constraints for Table PESSOA_FISICA
--------------------------------------------------------

  ALTER TABLE "PAULO"."PESSOA_FISICA" MODIFY ("CPF" NOT NULL ENABLE);
  ALTER TABLE "PAULO"."PESSOA_FISICA" MODIFY ("SEXO" NOT NULL ENABLE);
  ALTER TABLE "PAULO"."PESSOA_FISICA" MODIFY ("DT_NASC" NOT NULL ENABLE);
  ALTER TABLE "PAULO"."PESSOA_FISICA" MODIFY ("ESTADO_CIVIL" NOT NULL ENABLE);
  ALTER TABLE "PAULO"."PESSOA_FISICA" MODIFY ("FK_COD_PESSOA" NOT NULL ENABLE);
  ALTER TABLE "PAULO"."PESSOA_FISICA" ADD PRIMARY KEY ("COD_PF")
  USING INDEX PCTFREE 10 INITRANS 2 MAXTRANS 255 COMPUTE STATISTICS 
  STORAGE(INITIAL 65536 NEXT 1048576 MINEXTENTS 1 MAXEXTENTS 2147483645
  PCTINCREASE 0 FREELISTS 1 FREELIST GROUPS 1
  BUFFER_POOL DEFAULT FLASH_CACHE DEFAULT CELL_FLASH_CACHE DEFAULT)
  TABLESPACE "USERS"  ENABLE;
  ALTER TABLE "PAULO"."PESSOA_FISICA" ADD UNIQUE ("CPF")
  USING INDEX PCTFREE 10 INITRANS 2 MAXTRANS 255 COMPUTE STATISTICS 
  STORAGE(INITIAL 65536 NEXT 1048576 MINEXTENTS 1 MAXEXTENTS 2147483645
  PCTINCREASE 0 FREELISTS 1 FREELIST GROUPS 1
  BUFFER_POOL DEFAULT FLASH_CACHE DEFAULT CELL_FLASH_CACHE DEFAULT)
  TABLESPACE "USERS"  ENABLE;
--------------------------------------------------------
--  Constraints for Table PESSOA_JURIDICA
--------------------------------------------------------

  ALTER TABLE "PAULO"."PESSOA_JURIDICA" MODIFY ("CNPJ" NOT NULL ENABLE);
  ALTER TABLE "PAULO"."PESSOA_JURIDICA" MODIFY ("FK_COD_PESSOA" NOT NULL ENABLE);
  ALTER TABLE "PAULO"."PESSOA_JURIDICA" ADD PRIMARY KEY ("COD_PJ")
  USING INDEX PCTFREE 10 INITRANS 2 MAXTRANS 255 COMPUTE STATISTICS 
  STORAGE(INITIAL 65536 NEXT 1048576 MINEXTENTS 1 MAXEXTENTS 2147483645
  PCTINCREASE 0 FREELISTS 1 FREELIST GROUPS 1
  BUFFER_POOL DEFAULT FLASH_CACHE DEFAULT CELL_FLASH_CACHE DEFAULT)
  TABLESPACE "USERS"  ENABLE;
  ALTER TABLE "PAULO"."PESSOA_JURIDICA" ADD UNIQUE ("CNPJ")
  USING INDEX PCTFREE 10 INITRANS 2 MAXTRANS 255 COMPUTE STATISTICS 
  STORAGE(INITIAL 65536 NEXT 1048576 MINEXTENTS 1 MAXEXTENTS 2147483645
  PCTINCREASE 0 FREELISTS 1 FREELIST GROUPS 1
  BUFFER_POOL DEFAULT FLASH_CACHE DEFAULT CELL_FLASH_CACHE DEFAULT)
  TABLESPACE "USERS"  ENABLE;
--------------------------------------------------------
--  Constraints for Table PESSOA_TELEFONE
--------------------------------------------------------

  ALTER TABLE "PAULO"."PESSOA_TELEFONE" MODIFY ("FK_COD_PESSOA" NOT NULL ENABLE);
  ALTER TABLE "PAULO"."PESSOA_TELEFONE" MODIFY ("FK_COD_TELEFONE" NOT NULL ENABLE);
  ALTER TABLE "PAULO"."PESSOA_TELEFONE" ADD CONSTRAINT "PK_PESSOA_TELEFONE" PRIMARY KEY ("FK_COD_PESSOA", "FK_COD_TELEFONE")
  USING INDEX PCTFREE 10 INITRANS 2 MAXTRANS 255 COMPUTE STATISTICS 
  STORAGE(INITIAL 65536 NEXT 1048576 MINEXTENTS 1 MAXEXTENTS 2147483645
  PCTINCREASE 0 FREELISTS 1 FREELIST GROUPS 1
  BUFFER_POOL DEFAULT FLASH_CACHE DEFAULT CELL_FLASH_CACHE DEFAULT)
  TABLESPACE "USERS"  ENABLE;
--------------------------------------------------------
--  Constraints for Table TELEFONE
--------------------------------------------------------

  ALTER TABLE "PAULO"."TELEFONE" MODIFY ("DDD" NOT NULL ENABLE);
  ALTER TABLE "PAULO"."TELEFONE" MODIFY ("PREFIXO_SUFIXO" NOT NULL ENABLE);
  ALTER TABLE "PAULO"."TELEFONE" MODIFY ("FK_COD_TIPO_TEL" NOT NULL ENABLE);
  ALTER TABLE "PAULO"."TELEFONE" ADD PRIMARY KEY ("COD_TEL")
  USING INDEX PCTFREE 10 INITRANS 2 MAXTRANS 255 COMPUTE STATISTICS 
  STORAGE(INITIAL 65536 NEXT 1048576 MINEXTENTS 1 MAXEXTENTS 2147483645
  PCTINCREASE 0 FREELISTS 1 FREELIST GROUPS 1
  BUFFER_POOL DEFAULT FLASH_CACHE DEFAULT CELL_FLASH_CACHE DEFAULT)
  TABLESPACE "USERS"  ENABLE;
--------------------------------------------------------
--  Constraints for Table TIPO_DE_MEDIDA
--------------------------------------------------------

  ALTER TABLE "PAULO"."TIPO_DE_MEDIDA" MODIFY ("DS_MEDIDA" NOT NULL ENABLE);
  ALTER TABLE "PAULO"."TIPO_DE_MEDIDA" ADD PRIMARY KEY ("COD_TIPO_MEDIDA")
  USING INDEX PCTFREE 10 INITRANS 2 MAXTRANS 255 COMPUTE STATISTICS 
  STORAGE(INITIAL 65536 NEXT 1048576 MINEXTENTS 1 MAXEXTENTS 2147483645
  PCTINCREASE 0 FREELISTS 1 FREELIST GROUPS 1
  BUFFER_POOL DEFAULT FLASH_CACHE DEFAULT CELL_FLASH_CACHE DEFAULT)
  TABLESPACE "USERS"  ENABLE;
--------------------------------------------------------
--  Constraints for Table TIPO_ENDERECO
--------------------------------------------------------

  ALTER TABLE "PAULO"."TIPO_ENDERECO" MODIFY ("DS_END" NOT NULL ENABLE);
  ALTER TABLE "PAULO"."TIPO_ENDERECO" ADD PRIMARY KEY ("COD_TIPO_END")
  USING INDEX PCTFREE 10 INITRANS 2 MAXTRANS 255 COMPUTE STATISTICS 
  STORAGE(INITIAL 65536 NEXT 1048576 MINEXTENTS 1 MAXEXTENTS 2147483645
  PCTINCREASE 0 FREELISTS 1 FREELIST GROUPS 1
  BUFFER_POOL DEFAULT FLASH_CACHE DEFAULT CELL_FLASH_CACHE DEFAULT)
  TABLESPACE "USERS"  ENABLE;
--------------------------------------------------------
--  Constraints for Table TIPO_PAGAMENTO
--------------------------------------------------------

  ALTER TABLE "PAULO"."TIPO_PAGAMENTO" MODIFY ("DS_TIPO_PGTO" NOT NULL ENABLE);
  ALTER TABLE "PAULO"."TIPO_PAGAMENTO" MODIFY ("JUROS_DESCONTO" NOT NULL ENABLE);
  ALTER TABLE "PAULO"."TIPO_PAGAMENTO" ADD PRIMARY KEY ("COD_TIPO_PGTO")
  USING INDEX PCTFREE 10 INITRANS 2 MAXTRANS 255 COMPUTE STATISTICS 
  STORAGE(INITIAL 65536 NEXT 1048576 MINEXTENTS 1 MAXEXTENTS 2147483645
  PCTINCREASE 0 FREELISTS 1 FREELIST GROUPS 1
  BUFFER_POOL DEFAULT FLASH_CACHE DEFAULT CELL_FLASH_CACHE DEFAULT)
  TABLESPACE "USERS"  ENABLE;
--------------------------------------------------------
--  Constraints for Table TIPO_TELEFONE
--------------------------------------------------------

  ALTER TABLE "PAULO"."TIPO_TELEFONE" MODIFY ("DS_TEL" NOT NULL ENABLE);
  ALTER TABLE "PAULO"."TIPO_TELEFONE" ADD PRIMARY KEY ("COD_TIPO_TEL")
  USING INDEX PCTFREE 10 INITRANS 2 MAXTRANS 255 COMPUTE STATISTICS 
  STORAGE(INITIAL 65536 NEXT 1048576 MINEXTENTS 1 MAXEXTENTS 2147483645
  PCTINCREASE 0 FREELISTS 1 FREELIST GROUPS 1
  BUFFER_POOL DEFAULT FLASH_CACHE DEFAULT CELL_FLASH_CACHE DEFAULT)
  TABLESPACE "USERS"  ENABLE;
  ALTER TABLE "PAULO"."TIPO_TELEFONE" ADD UNIQUE ("DS_TEL")
  USING INDEX PCTFREE 10 INITRANS 2 MAXTRANS 255 COMPUTE STATISTICS 
  STORAGE(INITIAL 65536 NEXT 1048576 MINEXTENTS 1 MAXEXTENTS 2147483645
  PCTINCREASE 0 FREELISTS 1 FREELIST GROUPS 1
  BUFFER_POOL DEFAULT FLASH_CACHE DEFAULT CELL_FLASH_CACHE DEFAULT)
  TABLESPACE "USERS"  ENABLE;
--------------------------------------------------------
--  Constraints for Table TRANSPORTADORA
--------------------------------------------------------

  ALTER TABLE "PAULO"."TRANSPORTADORA" MODIFY ("FK_COD_PJ" NOT NULL ENABLE);
  ALTER TABLE "PAULO"."TRANSPORTADORA" ADD PRIMARY KEY ("COD_TRANSPORTADORA")
  USING INDEX PCTFREE 10 INITRANS 2 MAXTRANS 255 COMPUTE STATISTICS 
  STORAGE(INITIAL 65536 NEXT 1048576 MINEXTENTS 1 MAXEXTENTS 2147483645
  PCTINCREASE 0 FREELISTS 1 FREELIST GROUPS 1
  BUFFER_POOL DEFAULT FLASH_CACHE DEFAULT CELL_FLASH_CACHE DEFAULT)
  TABLESPACE "USERS"  ENABLE;
--------------------------------------------------------
--  Constraints for Table TRANSPORTADORA_ZONA_ENTREGA
--------------------------------------------------------

  ALTER TABLE "PAULO"."TRANSPORTADORA_ZONA_ENTREGA" MODIFY ("FK_COD_TRANSPORTADORA" NOT NULL ENABLE);
  ALTER TABLE "PAULO"."TRANSPORTADORA_ZONA_ENTREGA" MODIFY ("FK_COD_ZN_ENTREGA" NOT NULL ENABLE);
  ALTER TABLE "PAULO"."TRANSPORTADORA_ZONA_ENTREGA" ADD CONSTRAINT "PK_TRANSPORTADORA_ZONA_ENTREGA" PRIMARY KEY ("FK_COD_TRANSPORTADORA", "FK_COD_ZN_ENTREGA")
  USING INDEX PCTFREE 10 INITRANS 2 MAXTRANS 255 COMPUTE STATISTICS 
  STORAGE(INITIAL 65536 NEXT 1048576 MINEXTENTS 1 MAXEXTENTS 2147483645
  PCTINCREASE 0 FREELISTS 1 FREELIST GROUPS 1
  BUFFER_POOL DEFAULT FLASH_CACHE DEFAULT CELL_FLASH_CACHE DEFAULT)
  TABLESPACE "USERS"  ENABLE;
--------------------------------------------------------
--  Constraints for Table VENDEDOR
--------------------------------------------------------

  ALTER TABLE "PAULO"."VENDEDOR" ADD CONSTRAINT "CHECK_VENDEDOR" CHECK (
        (FK_COD_PF IS NULL AND FK_COD_PJ IS NOT NULL)
        OR
        (FK_COD_PJ IS NULL AND FK_COD_PF IS NOT NULL)
    ) ENABLE;
  ALTER TABLE "PAULO"."VENDEDOR" ADD PRIMARY KEY ("COD_VENDEDOR")
  USING INDEX PCTFREE 10 INITRANS 2 MAXTRANS 255 COMPUTE STATISTICS 
  STORAGE(INITIAL 65536 NEXT 1048576 MINEXTENTS 1 MAXEXTENTS 2147483645
  PCTINCREASE 0 FREELISTS 1 FREELIST GROUPS 1
  BUFFER_POOL DEFAULT FLASH_CACHE DEFAULT CELL_FLASH_CACHE DEFAULT)
  TABLESPACE "USERS"  ENABLE;
--------------------------------------------------------
--  Constraints for Table ZONA_ENTREGA
--------------------------------------------------------

  ALTER TABLE "PAULO"."ZONA_ENTREGA" MODIFY ("NOME_REGIAO" NOT NULL ENABLE);
  ALTER TABLE "PAULO"."ZONA_ENTREGA" ADD PRIMARY KEY ("COD_ZN_ENTREGA")
  USING INDEX PCTFREE 10 INITRANS 2 MAXTRANS 255 COMPUTE STATISTICS 
  STORAGE(INITIAL 65536 NEXT 1048576 MINEXTENTS 1 MAXEXTENTS 2147483645
  PCTINCREASE 0 FREELISTS 1 FREELIST GROUPS 1
  BUFFER_POOL DEFAULT FLASH_CACHE DEFAULT CELL_FLASH_CACHE DEFAULT)
  TABLESPACE "USERS"  ENABLE;
--------------------------------------------------------
--  Ref Constraints for Table BAIRRO
--------------------------------------------------------

  ALTER TABLE "PAULO"."BAIRRO" ADD CONSTRAINT "FK_CIDADE" FOREIGN KEY ("FK_COD_CIDADE")
	  REFERENCES "PAULO"."CIDADE" ("COD_CIDADE") ENABLE;
--------------------------------------------------------
--  Ref Constraints for Table CEP
--------------------------------------------------------

  ALTER TABLE "PAULO"."CEP" ADD CONSTRAINT "FK_BAIRRO" FOREIGN KEY ("FK_COD_BAIRRO")
	  REFERENCES "PAULO"."BAIRRO" ("COD_BAIRRO") ENABLE;
--------------------------------------------------------
--  Ref Constraints for Table CIDADE
--------------------------------------------------------

  ALTER TABLE "PAULO"."CIDADE" ADD CONSTRAINT "FK_ESTADO" FOREIGN KEY ("FK_COD_ESTADO")
	  REFERENCES "PAULO"."ESTADO" ("COD_ESTADO") ENABLE;
--------------------------------------------------------
--  Ref Constraints for Table CLIENTE
--------------------------------------------------------

  ALTER TABLE "PAULO"."CLIENTE" ADD CONSTRAINT "FK_CLIENTE" FOREIGN KEY ("FK_COD_PJ")
	  REFERENCES "PAULO"."PESSOA_JURIDICA" ("COD_PJ") ENABLE;
--------------------------------------------------------
--  Ref Constraints for Table EMAIL
--------------------------------------------------------

  ALTER TABLE "PAULO"."EMAIL" ADD CONSTRAINT "FK_EMAIL_PJ" FOREIGN KEY ("FK_COD_PJ")
	  REFERENCES "PAULO"."PESSOA_JURIDICA" ("COD_PJ") ENABLE;
--------------------------------------------------------
--  Ref Constraints for Table ENDERECO
--------------------------------------------------------

  ALTER TABLE "PAULO"."ENDERECO" ADD CONSTRAINT "FK_CEP" FOREIGN KEY ("FK_COD_CEP")
	  REFERENCES "PAULO"."CEP" ("COD_CEP") ENABLE;
  ALTER TABLE "PAULO"."ENDERECO" ADD CONSTRAINT "FK_TIPO_END" FOREIGN KEY ("FK_COD_TIPO_END")
	  REFERENCES "PAULO"."TIPO_ENDERECO" ("COD_TIPO_END") ENABLE;
--------------------------------------------------------
--  Ref Constraints for Table FORNECEDOR
--------------------------------------------------------

  ALTER TABLE "PAULO"."FORNECEDOR" ADD CONSTRAINT "FK_FORNECEDOR" FOREIGN KEY ("FK_COD_PJ")
	  REFERENCES "PAULO"."PESSOA_JURIDICA" ("COD_PJ") ENABLE;
--------------------------------------------------------
--  Ref Constraints for Table FUNCIONARIO
--------------------------------------------------------

  ALTER TABLE "PAULO"."FUNCIONARIO" ADD CONSTRAINT "FK_FUNCIONARIO_PF" FOREIGN KEY ("FK_COD_PF")
	  REFERENCES "PAULO"."PESSOA_FISICA" ("COD_PF") ENABLE;
--------------------------------------------------------
--  Ref Constraints for Table MATERIA_PRIMA
--------------------------------------------------------

  ALTER TABLE "PAULO"."MATERIA_PRIMA" ADD CONSTRAINT "FK_TIPO_MEDIDA" FOREIGN KEY ("FK_COD_TIPO_MEDIDA")
	  REFERENCES "PAULO"."TIPO_DE_MEDIDA" ("COD_TIPO_MEDIDA") ENABLE;
--------------------------------------------------------
--  Ref Constraints for Table PAGAMENTO
--------------------------------------------------------

  ALTER TABLE "PAULO"."PAGAMENTO" ADD CONSTRAINT "FK_PAGAMENTO_PEDIDO" FOREIGN KEY ("FK_COD_PEDIDO")
	  REFERENCES "PAULO"."PEDIDO" ("COD_PEDIDO") ENABLE;
  ALTER TABLE "PAULO"."PAGAMENTO" ADD CONSTRAINT "FK_PAGAMENTO_FORMA" FOREIGN KEY ("FK_COD_FORMA_PGTO")
	  REFERENCES "PAULO"."FORMA_PAGAMENTO" ("COD_FORMA_PGTO") ENABLE;
--------------------------------------------------------
--  Ref Constraints for Table PAGAMENTO_TIPO_PAGAMENTO
--------------------------------------------------------

  ALTER TABLE "PAULO"."PAGAMENTO_TIPO_PAGAMENTO" ADD CONSTRAINT "FK_PAGAMENTO_TIPO" FOREIGN KEY ("FK_COD_PAGAMENTO")
	  REFERENCES "PAULO"."PAGAMENTO" ("COD_PAGAMENTO") ENABLE;
  ALTER TABLE "PAULO"."PAGAMENTO_TIPO_PAGAMENTO" ADD CONSTRAINT "FK_TIPO_PAGAMENTO" FOREIGN KEY ("FK_COD_TIPO_PAGAMENTO")
	  REFERENCES "PAULO"."TIPO_PAGAMENTO" ("COD_TIPO_PGTO") ENABLE;
--------------------------------------------------------
--  Ref Constraints for Table PECA_MATERIA_PRIMA
--------------------------------------------------------

  ALTER TABLE "PAULO"."PECA_MATERIA_PRIMA" ADD CONSTRAINT "FK_PECA_MATERIA" FOREIGN KEY ("FK_COD_PECA")
	  REFERENCES "PAULO"."PECA" ("COD_PECA") ENABLE;
  ALTER TABLE "PAULO"."PECA_MATERIA_PRIMA" ADD CONSTRAINT "FK_MATERIA_PRIMA" FOREIGN KEY ("FK_COD_MATERIA_PRIMA")
	  REFERENCES "PAULO"."MATERIA_PRIMA" ("COD_MATERIA_PRIMA") ENABLE;
--------------------------------------------------------
--  Ref Constraints for Table PEDIDO
--------------------------------------------------------

  ALTER TABLE "PAULO"."PEDIDO" ADD CONSTRAINT "FK_PEDIDO_VENDEDOR" FOREIGN KEY ("FK_COD_VENDEDOR")
	  REFERENCES "PAULO"."VENDEDOR" ("COD_VENDEDOR") ENABLE;
  ALTER TABLE "PAULO"."PEDIDO" ADD CONSTRAINT "FK_PEDIDO_CLIENTE" FOREIGN KEY ("FK_COD_CLIENTE")
	  REFERENCES "PAULO"."CLIENTE" ("COD_CLIENTE") ENABLE;
  ALTER TABLE "PAULO"."PEDIDO" ADD CONSTRAINT "FK_PEDIDO_TRANSPORTADORA" FOREIGN KEY ("FK_COD_TRANSPORTADORA")
	  REFERENCES "PAULO"."TRANSPORTADORA" ("COD_TRANSPORTADORA") ENABLE;
--------------------------------------------------------
--  Ref Constraints for Table PEDIDO_PECA
--------------------------------------------------------

  ALTER TABLE "PAULO"."PEDIDO_PECA" ADD CONSTRAINT "FK_PEDIDO_PECA" FOREIGN KEY ("FK_COD_PEDIDO")
	  REFERENCES "PAULO"."PEDIDO" ("COD_PEDIDO") ENABLE;
  ALTER TABLE "PAULO"."PEDIDO_PECA" ADD CONSTRAINT "FK_PECA" FOREIGN KEY ("FK_COD_PECA")
	  REFERENCES "PAULO"."PECA" ("COD_PECA") ENABLE;
--------------------------------------------------------
--  Ref Constraints for Table PESSOA_EMAIL
--------------------------------------------------------

  ALTER TABLE "PAULO"."PESSOA_EMAIL" ADD CONSTRAINT "FK_PESSOA_EMAIL" FOREIGN KEY ("FK_COD_PESSOA")
	  REFERENCES "PAULO"."PESSOA" ("COD_PESSOA") ENABLE;
  ALTER TABLE "PAULO"."PESSOA_EMAIL" ADD CONSTRAINT "FK_EMAIL" FOREIGN KEY ("FK_COD_EMAIL")
	  REFERENCES "PAULO"."EMAIL" ("COD_EMAIL") ENABLE;
--------------------------------------------------------
--  Ref Constraints for Table PESSOA_ENDERECO
--------------------------------------------------------

  ALTER TABLE "PAULO"."PESSOA_ENDERECO" ADD CONSTRAINT "FK_PESSOA_ENDERECO" FOREIGN KEY ("FK_COD_PESSOA")
	  REFERENCES "PAULO"."PESSOA" ("COD_PESSOA") ENABLE;
  ALTER TABLE "PAULO"."PESSOA_ENDERECO" ADD CONSTRAINT "FK_ENDERECO" FOREIGN KEY ("FK_COD_ENDERECO")
	  REFERENCES "PAULO"."ENDERECO" ("COD_ENDERECO") ENABLE;
--------------------------------------------------------
--  Ref Constraints for Table PESSOA_FISICA
--------------------------------------------------------

  ALTER TABLE "PAULO"."PESSOA_FISICA" ADD CONSTRAINT "FK_PESSOA_FISICA" FOREIGN KEY ("FK_COD_PESSOA")
	  REFERENCES "PAULO"."PESSOA" ("COD_PESSOA") ENABLE;
--------------------------------------------------------
--  Ref Constraints for Table PESSOA_JURIDICA
--------------------------------------------------------

  ALTER TABLE "PAULO"."PESSOA_JURIDICA" ADD CONSTRAINT "FK_PESSOA_JURIDICA" FOREIGN KEY ("FK_COD_PESSOA")
	  REFERENCES "PAULO"."PESSOA" ("COD_PESSOA") ENABLE;
--------------------------------------------------------
--  Ref Constraints for Table PESSOA_TELEFONE
--------------------------------------------------------

  ALTER TABLE "PAULO"."PESSOA_TELEFONE" ADD CONSTRAINT "FK_PESSOA_TELEFONE" FOREIGN KEY ("FK_COD_PESSOA")
	  REFERENCES "PAULO"."PESSOA" ("COD_PESSOA") ENABLE;
  ALTER TABLE "PAULO"."PESSOA_TELEFONE" ADD CONSTRAINT "FK_TELEFONE" FOREIGN KEY ("FK_COD_TELEFONE")
	  REFERENCES "PAULO"."TELEFONE" ("COD_TEL") ENABLE;
--------------------------------------------------------
--  Ref Constraints for Table TELEFONE
--------------------------------------------------------

  ALTER TABLE "PAULO"."TELEFONE" ADD CONSTRAINT "FK_TIPO_TEL" FOREIGN KEY ("FK_COD_TIPO_TEL")
	  REFERENCES "PAULO"."TIPO_TELEFONE" ("COD_TIPO_TEL") ENABLE;
--------------------------------------------------------
--  Ref Constraints for Table TRANSPORTADORA
--------------------------------------------------------

  ALTER TABLE "PAULO"."TRANSPORTADORA" ADD CONSTRAINT "FK_TRANSPORTADORA" FOREIGN KEY ("FK_COD_PJ")
	  REFERENCES "PAULO"."PESSOA_JURIDICA" ("COD_PJ") ENABLE;
--------------------------------------------------------
--  Ref Constraints for Table TRANSPORTADORA_ZONA_ENTREGA
--------------------------------------------------------

  ALTER TABLE "PAULO"."TRANSPORTADORA_ZONA_ENTREGA" ADD CONSTRAINT "FK_TRANSPORTADORA_ZONA" FOREIGN KEY ("FK_COD_TRANSPORTADORA")
	  REFERENCES "PAULO"."TRANSPORTADORA" ("COD_TRANSPORTADORA") ENABLE;
  ALTER TABLE "PAULO"."TRANSPORTADORA_ZONA_ENTREGA" ADD CONSTRAINT "FK_ZONA_ENTREGA" FOREIGN KEY ("FK_COD_ZN_ENTREGA")
	  REFERENCES "PAULO"."ZONA_ENTREGA" ("COD_ZN_ENTREGA") ENABLE;
--------------------------------------------------------
--  Ref Constraints for Table VENDEDOR
--------------------------------------------------------

  ALTER TABLE "PAULO"."VENDEDOR" ADD CONSTRAINT "FK_VENDEDOR_PF" FOREIGN KEY ("FK_COD_PF")
	  REFERENCES "PAULO"."PESSOA_FISICA" ("COD_PF") ENABLE;
  ALTER TABLE "PAULO"."VENDEDOR" ADD CONSTRAINT "FK_VENDEDOR_PJ" FOREIGN KEY ("FK_COD_PJ")
	  REFERENCES "PAULO"."PESSOA_JURIDICA" ("COD_PJ") ENABLE;
